work_order_id,workpiece_id,product_type,process_code,process_sequence,planned_start,planned_end,plan_version,plan_change_flag,quality_hold_flag,expedite_flag,insert_order_flag
WO_0001,WP_0001,single_crystal_silicon,SC01,1,2025-01-01 00:00:00+00:00,2025-01-01 00:27:00+00:00,1,0,0,0,0
WO_0001,WP_0001,single_crystal_silicon,SC02,2,2025-01-01 00:38:00+00:00,2025-01-01 01:55:00+00:00,1,0,0,0,0
WO_0001,WP_0001,single_crystal_silicon,SC03,3,2025-01-01 02:02:00+00:00,2025-01-01 02:25:00+00:00,1,0,0,0,0
WO_0001,WP_0001,single_crystal_silicon,SC04,4,2025-01-01 02:30:00+00:00,2025-01-01 02:57:00+00:00,1,0,0,0,0
WO_0001,WP_0001,single_crystal_silicon,SC05,5,2025-01-01 03:07:00+00:00,2025-01-01 03:28:00+00:00,1,0,0,0,0
WO_0001,WP_0001,single_crystal_silicon,SC06,6,2025-01-01 03:41:00+00:00,2025-01-01 05:01:00+00:00,1,0,0,0,0
WO_0001,WP_0001,single_crystal_silicon,SC07,7,2025-01-01 05:06:00+00:00,2025-01-01 05:26:00+00:00,1,0,0,0,0
WO_0001,WP_0001,single_crystal_silicon,SC08,8,2025-01-01 05:37:00+00:00,2025-01-01 06:03:00+00:00,1,0,0,0,0
WO_0001,WP_0001,single_crystal_silicon,SC09,9,2025-01-01 06:12:00+00:00,2025-01-01 06:26:00+00:00,1,0,0,0,0
WO_0001,WP_0001,single_crystal_silicon,SC10,10,2025-01-01 06:38:00+00:00,2025-01-01 07:05:00+00:00,1,0,0,0,0
WO_0001,WP_0001,single_crystal_silicon,SC11,11,2025-01-01 07:17:00+00:00,2025-01-01 08:43:00+00:00,1,0,0,0,0
WO_0001,WP_0001,single_crystal_silicon,SC12,12,2025-01-01 08:50:00+00:00,2025-01-01 09:12:00+00:00,1,0,0,0,0
WO_0001,WP_0001,single_crystal_silicon,SC13,13,2025-01-01 09:13:00+00:00,2025-01-01 09:52:00+00:00,1,0,0,0,0
WO_0001,WP_0001,single_crystal_silicon,SC14,14,2025-01-01 09:59:00+00:00,2025-01-01 10:11:00+00:00,1,0,0,0,0
WO_0001,WP_0001,single_crystal_silicon,SC15,15,2025-01-01 10:21:00+00:00,2025-01-01 11:29:00+00:00,1,0,0,0,0
WO_0002,WP_0002,chalcogenide_glass,CG01,1,2025-01-01 01:15:00+00:00,2025-01-01 01:57:00+00:00,1,0,0,0,0
WO_0002,WP_0002,chalcogenide_glass,CG02,2,2025-01-01 02:04:00+00:00,2025-01-01 03:29:00+00:00,1,0,0,0,0
WO_0002,WP_0002,chalcogenide_glass,CG03,3,2025-01-01 03:35:00+00:00,2025-01-01 04:35:00+00:00,1,0,0,0,0
WO_0002,WP_0002,chalcogenide_glass,CG04,4,2025-01-01 04:41:00+00:00,2025-01-01 05:29:00+00:00,1,0,0,0,0
WO_0002,WP_0002,chalcogenide_glass,CG05,5,2025-01-01 05:35:00+00:00,2025-01-01 07:12:00+00:00,1,0,0,0,0
WO_0002,WP_0002,chalcogenide_glass,CG06,6,2025-01-01 07:20:00+00:00,2025-01-01 08:16:00+00:00,1,0,0,0,0
WO_0002,WP_0002,chalcogenide_glass,CG07,7,2025-01-01 08:21:00+00:00,2025-01-01 09:38:00+00:00,1,0,0,0,0
WO_0002,WP_0002,chalcogenide_glass,CG08,8,2025-01-01 09:47:00+00:00,2025-01-01 10:10:00+00:00,1,0,0,0,0
WO_0002,WP_0002,chalcogenide_glass,CG09,9,2025-01-01 10:15:00+00:00,2025-01-01 10:48:00+00:00,1,0,0,0,0
WO_0002,WP_0002,chalcogenide_glass,CG10,10,2025-01-01 10:58:00+00:00,2025-01-01 11:45:00+00:00,1,0,0,0,0
WO_0003,WP_0003,microcrystalline_glass,MG01,1,2025-01-01 02:30:00+00:00,2025-01-01 03:43:00+00:00,1,0,0,0,0
WO_0003,WP_0003,microcrystalline_glass,MG02,2,2025-01-01 03:52:00+00:00,2025-01-01 05:19:00+00:00,1,0,0,0,0
WO_0003,WP_0003,microcrystalline_glass,MG03,3,2025-01-01 05:22:00+00:00,2025-01-01 06:35:00+00:00,1,0,0,0,0
WO_0003,WP_0003,microcrystalline_glass,MG04,4,2025-01-01 06:38:00+00:00,2025-01-01 08:16:00+00:00,1,0,0,0,0
WO_0003,WP_0003,microcrystalline_glass,MG05,5,2025-01-01 08:17:00+00:00,2025-01-01 08:53:00+00:00,1,0,0,0,0
WO_0003,WP_0003,microcrystalline_glass,MG06,6,2025-01-01 09:02:00+00:00,2025-01-01 09:45:00+00:00,1,0,0,0,0
WO_0003,WP_0003,microcrystalline_glass,MG07,7,2025-01-01 10:00:00+00:00,2025-01-01 10:57:00+00:00,1,0,0,0,0
WO_0003,WP_0003,microcrystalline_glass,MG08,8,2025-01-01 11:01:00+00:00,2025-01-01 11:21:00+00:00,1,0,0,0,0
WO_0003,WP_0003,microcrystalline_glass,MG09,9,2025-01-01 11:34:00+00:00,2025-01-01 12:51:00+00:00,1,0,0,0,0
WO_0003,WP_0003,microcrystalline_glass,MG10,10,2025-01-01 12:54:00+00:00,2025-01-01 14:28:00+00:00,1,0,0,0,0
WO_0003,WP_0003,microcrystalline_glass,MG11,11,2025-01-01 14:29:00+00:00,2025-01-01 15:50:00+00:00,1,0,0,0,0
WO_0003,WP_0003,microcrystalline_glass,MG12,12,2025-01-01 15:56:00+00:00,2025-01-01 17:01:00+00:00,1,0,0,0,0
WO_0003,WP_0003,microcrystalline_glass,MG13,13,2025-01-01 17:05:00+00:00,2025-01-01 18:41:00+00:00,1,0,0,0,0
WO_0004,WP_0004,single_crystal_silicon,SC01,1,2025-01-01 03:45:00+00:00,2025-01-01 05:22:00+00:00,1,0,0,0,0
WO_0004,WP_0004,single_crystal_silicon,SC02,2,2025-01-01 05:30:00+00:00,2025-01-01 05:58:00+00:00,1,0,0,0,0
WO_0004,WP_0004,single_crystal_silicon,SC03,3,2025-01-01 06:11:00+00:00,2025-01-01 06:36:00+00:00,1,0,0,0,0
WO_0004,WP_0004,single_crystal_silicon,SC04,4,2025-01-01 06:40:00+00:00,2025-01-01 07:29:00+00:00,1,0,0,0,0
WO_0004,WP_0004,single_crystal_silicon,SC05,5,2025-01-01 07:40:00+00:00,2025-01-01 08:08:00+00:00,1,0,0,0,0
WO_0004,WP_0004,single_crystal_silicon,SC06,6,2025-01-01 08:23:00+00:00,2025-01-01 08:51:00+00:00,1,0,0,0,0
WO_0004,WP_0004,single_crystal_silicon,SC07,7,2025-01-01 08:58:00+00:00,2025-01-01 09:31:00+00:00,1,0,0,0,0
WO_0004,WP_0004,single_crystal_silicon,SC08,8,2025-01-01 09:33:00+00:00,2025-01-01 10:15:00+00:00,1,0,0,0,0
WO_0004,WP_0004,single_crystal_silicon,SC09,9,2025-01-01 10:19:00+00:00,2025-01-01 10:43:00+00:00,1,0,0,0,0
WO_0004,WP_0004,single_crystal_silicon,SC10,10,2025-01-01 10:55:00+00:00,2025-01-01 11:46:00+00:00,1,0,0,0,0
WO_0004,WP_0004,single_crystal_silicon,SC11,11,2025-01-01 11:56:00+00:00,2025-01-01 12:34:00+00:00,1,0,0,0,0
WO_0004,WP_0004,single_crystal_silicon,SC12,12,2025-01-01 12:35:00+00:00,2025-01-01 12:46:00+00:00,1,0,0,0,0
WO_0004,WP_0004,single_crystal_silicon,SC13,13,2025-01-01 13:00:00+00:00,2025-01-01 13:27:00+00:00,1,0,0,0,0
WO_0004,WP_0004,single_crystal_silicon,SC14,14,2025-01-01 13:41:00+00:00,2025-01-01 14:10:00+00:00,1,0,0,0,0
WO_0004,WP_0004,single_crystal_silicon,SC15,15,2025-01-01 14:16:00+00:00,2025-01-01 15:18:00+00:00,1,0,0,0,0
WO_0005,WP_0005,chalcogenide_glass,CG01,1,2025-01-01 05:00:00+00:00,2025-01-01 05:54:00+00:00,1,0,0,0,0
WO_0005,WP_0005,chalcogenide_glass,CG02,2,2025-01-01 05:57:00+00:00,2025-01-01 06:31:00+00:00,1,0,0,0,0
WO_0005,WP_0005,chalcogenide_glass,CG03,3,2025-01-01 06:35:00+00:00,2025-01-01 08:11:00+00:00,1,0,0,0,0
WO_0005,WP_0005,chalcogenide_glass,CG04,4,2025-01-01 08:21:00+00:00,2025-01-01 08:43:00+00:00,1,0,0,0,0
WO_0005,WP_0005,chalcogenide_glass,CG05,5,2025-01-01 08:52:00+00:00,2025-01-01 09:53:00+00:00,1,0,0,0,0
WO_0005,WP_0005,chalcogenide_glass,CG06,6,2025-01-01 10:02:00+00:00,2025-01-01 11:36:00+00:00,1,0,0,0,0
WO_0005,WP_0005,chalcogenide_glass,CG07,7,2025-01-01 11:39:00+00:00,2025-01-01 12:37:00+00:00,1,0,0,0,0
WO_0005,WP_0005,chalcogenide_glass,CG08,8,2025-01-01 12:47:00+00:00,2025-01-01 14:14:00+00:00,1,0,0,0,0
WO_0005,WP_0005,chalcogenide_glass,CG09,9,2025-01-01 14:21:00+00:00,2025-01-01 14:49:00+00:00,1,0,0,0,0
WO_0005,WP_0005,chalcogenide_glass,CG10,10,2025-01-01 15:02:00+00:00,2025-01-01 16:27:00+00:00,1,0,0,0,0
WO_0006,WP_0006,microcrystalline_glass,MG01,1,2025-01-01 06:15:00+00:00,2025-01-01 07:10:00+00:00,1,0,0,0,0
WO_0006,WP_0006,microcrystalline_glass,MG02,2,2025-01-01 07:15:00+00:00,2025-01-01 08:05:00+00:00,1,0,0,0,0
WO_0006,WP_0006,microcrystalline_glass,MG03,3,2025-01-01 08:16:00+00:00,2025-01-01 08:45:00+00:00,1,0,0,0,0
WO_0006,WP_0006,microcrystalline_glass,MG04,4,2025-01-01 08:56:00+00:00,2025-01-01 09:52:00+00:00,1,0,0,0,0
WO_0006,WP_0006,microcrystalline_glass,MG05,5,2025-01-01 09:56:00+00:00,2025-01-01 11:26:00+00:00,1,0,0,0,0
WO_0006,WP_0006,microcrystalline_glass,MG06,6,2025-01-01 11:35:00+00:00,2025-01-01 11:57:00+00:00,1,0,0,0,0
WO_0006,WP_0006,microcrystalline_glass,MG07,7,2025-01-01 12:03:00+00:00,2025-01-01 12:25:00+00:00,1,0,0,0,0
WO_0006,WP_0006,microcrystalline_glass,MG08,8,2025-01-01 12:25:00+00:00,2025-01-01 12:49:00+00:00,1,0,0,0,0
WO_0006,WP_0006,microcrystalline_glass,MG09,9,2025-01-01 13:00:00+00:00,2025-01-01 13:36:00+00:00,1,0,0,0,0
WO_0006,WP_0006,microcrystalline_glass,MG10,10,2025-01-01 13:40:00+00:00,2025-01-01 14:58:00+00:00,1,0,0,0,0
WO_0006,WP_0006,microcrystalline_glass,MG11,11,2025-01-01 14:59:00+00:00,2025-01-01 16:08:00+00:00,1,0,0,0,0
WO_0006,WP_0006,microcrystalline_glass,MG12,12,2025-01-01 16:09:00+00:00,2025-01-01 17:47:00+00:00,1,0,0,0,0
WO_0006,WP_0006,microcrystalline_glass,MG13,13,2025-01-01 17:56:00+00:00,2025-01-01 18:40:00+00:00,1,0,0,0,0
WO_0007,WP_0007,single_crystal_silicon,SC01,1,2025-01-01 07:30:00+00:00,2025-01-01 09:03:00+00:00,1,0,0,0,0
WO_0007,WP_0007,single_crystal_silicon,SC02,2,2025-01-01 09:04:00+00:00,2025-01-01 09:56:00+00:00,1,0,0,0,0
WO_0007,WP_0007,single_crystal_silicon,SC03,3,2025-01-01 10:09:00+00:00,2025-01-01 10:26:00+00:00,1,0,0,0,0
WO_0007,WP_0007,single_crystal_silicon,SC04,4,2025-01-01 10:33:00+00:00,2025-01-01 11:04:00+00:00,1,0,0,0,0
WO_0007,WP_0007,single_crystal_silicon,SC05,5,2025-01-01 11:07:00+00:00,2025-01-01 11:23:00+00:00,1,0,0,0,0
WO_0007,WP_0007,single_crystal_silicon,SC06,6,2025-01-01 11:31:00+00:00,2025-01-01 12:06:00+00:00,1,0,0,0,0
WO_0007,WP_0007,single_crystal_silicon,SC07,7,2025-01-01 12:14:00+00:00,2025-01-01 12:45:00+00:00,1,0,0,0,0
WO_0007,WP_0007,single_crystal_silicon,SC08,8,2025-01-01 12:57:00+00:00,2025-01-01 13:38:00+00:00,1,0,0,0,0
WO_0007,WP_0007,single_crystal_silicon,SC09,9,2025-01-01 13:43:00+00:00,2025-01-01 14:07:00+00:00,1,0,0,0,0
WO_0007,WP_0007,single_crystal_silicon,SC10,10,2025-01-01 14:13:00+00:00,2025-01-01 15:31:00+00:00,1,0,0,0,0
WO_0007,WP_0007,single_crystal_silicon,SC11,11,2025-01-01 15:35:00+00:00,2025-01-01 16:14:00+00:00,1,0,0,0,0
WO_0007,WP_0007,single_crystal_silicon,SC12,12,2025-01-01 16:22:00+00:00,2025-01-01 16:51:00+00:00,1,0,0,0,0
WO_0007,WP_0007,single_crystal_silicon,SC13,13,2025-01-01 16:57:00+00:00,2025-01-01 18:17:00+00:00,1,0,0,0,0
WO_0007,WP_0007,single_crystal_silicon,SC14,14,2025-01-01 18:30:00+00:00,2025-01-01 18:50:00+00:00,1,0,0,0,0
WO_0007,WP_0007,single_crystal_silicon,SC15,15,2025-01-01 19:07:00+00:00,2025-01-01 20:43:00+00:00,1,0,0,0,0
WO_0008,WP_0008,chalcogenide_glass,CG01,1,2025-01-01 08:45:00+00:00,2025-01-01 10:05:00+00:00,1,0,0,0,0
WO_0008,WP_0008,chalcogenide_glass,CG02,2,2025-01-01 10:11:00+00:00,2025-01-01 10:49:00+00:00,1,0,0,0,0
WO_0008,WP_0008,chalcogenide_glass,CG03,3,2025-01-01 10:56:00+00:00,2025-01-01 12:23:00+00:00,1,0,0,0,0
WO_0008,WP_0008,chalcogenide_glass,CG04,4,2025-01-01 12:36:00+00:00,2025-01-01 13:39:00+00:00,1,0,0,0,0
WO_0008,WP_0008,chalcogenide_glass,CG05,5,2025-01-01 13:46:00+00:00,2025-01-01 15:18:00+00:00,1,0,0,0,0
WO_0008,WP_0008,chalcogenide_glass,CG06,6,2025-01-01 15:27:00+00:00,2025-01-01 16:37:00+00:00,1,0,0,0,0
WO_0008,WP_0008,chalcogenide_glass,CG07,7,2025-01-01 16:40:00+00:00,2025-01-01 17:24:00+00:00,1,0,0,0,0
WO_0008,WP_0008,chalcogenide_glass,CG08,8,2025-01-01 17:33:00+00:00,2025-01-01 18:42:00+00:00,1,0,0,0,0
WO_0008,WP_0008,chalcogenide_glass,CG09,9,2025-01-01 18:51:00+00:00,2025-01-01 19:22:00+00:00,1,0,0,0,0
WO_0008,WP_0008,chalcogenide_glass,CG10,10,2025-01-01 19:25:00+00:00,2025-01-01 20:43:00+00:00,1,0,0,0,0
WO_0009,WP_0009,microcrystalline_glass,MG01,1,2025-01-01 10:00:00+00:00,2025-01-01 11:37:00+00:00,1,0,0,0,0
WO_0009,WP_0009,microcrystalline_glass,MG02,2,2025-01-01 11:47:00+00:00,2025-01-01 13:15:00+00:00,1,0,0,0,0
WO_0009,WP_0009,microcrystalline_glass,MG03,3,2025-01-01 13:23:00+00:00,2025-01-01 14:04:00+00:00,1,0,0,0,0
WO_0009,WP_0009,microcrystalline_glass,MG04,4,2025-01-01 14:14:00+00:00,2025-01-01 15:35:00+00:00,1,0,0,0,0
WO_0009,WP_0009,microcrystalline_glass,MG05,5,2025-01-01 15:47:00+00:00,2025-01-01 16:15:00+00:00,1,0,0,0,0
WO_0009,WP_0009,microcrystalline_glass,MG06,6,2025-01-01 16:23:00+00:00,2025-01-01 17:38:00+00:00,1,0,0,0,0
WO_0009,WP_0009,microcrystalline_glass,MG07,7,2025-01-01 17:50:00+00:00,2025-01-01 19:06:00+00:00,1,0,0,0,0
WO_0009,WP_0009,microcrystalline_glass,MG08,8,2025-01-01 19:13:00+00:00,2025-01-01 20:08:00+00:00,1,0,0,0,0
WO_0009,WP_0009,microcrystalline_glass,MG09,9,2025-01-01 20:17:00+00:00,2025-01-01 20:51:00+00:00,1,0,0,0,0
WO_0009,WP_0009,microcrystalline_glass,MG10,10,2025-01-01 21:06:00+00:00,2025-01-01 21:34:00+00:00,1,0,0,0,0
WO_0009,WP_0009,microcrystalline_glass,MG11,11,2025-01-01 21:34:00+00:00,2025-01-01 22:29:00+00:00,1,0,0,0,0
WO_0009,WP_0009,microcrystalline_glass,MG12,12,2025-01-01 22:43:00+00:00,2025-01-01 23:47:00+00:00,1,0,0,0,0
WO_0009,WP_0009,microcrystalline_glass,MG13,13,2025-01-02 00:01:00+00:00,2025-01-02 01:29:00+00:00,1,0,0,0,0
WO_0010,WP_0010,single_crystal_silicon,SC01,1,2025-01-01 11:15:00+00:00,2025-01-01 12:10:00+00:00,1,0,0,0,0
WO_0010,WP_0010,single_crystal_silicon,SC02,2,2025-01-01 12:18:00+00:00,2025-01-01 12:46:00+00:00,1,0,0,0,0
WO_0010,WP_0010,single_crystal_silicon,SC03,3,2025-01-01 12:57:00+00:00,2025-01-01 13:09:00+00:00,1,0,0,0,0
WO_0010,WP_0010,single_crystal_silicon,SC04,4,2025-01-01 13:09:00+00:00,2025-01-01 13:48:00+00:00,1,0,0,0,0
WO_0010,WP_0010,single_crystal_silicon,SC05,5,2025-01-01 13:52:00+00:00,2025-01-01 14:11:00+00:00,1,0,0,0,0
WO_0010,WP_0010,single_crystal_silicon,SC06,6,2025-01-01 14:18:00+00:00,2025-01-01 15:33:00+00:00,1,0,0,0,0
WO_0010,WP_0010,single_crystal_silicon,SC07,7,2025-01-01 15:37:00+00:00,2025-01-01 16:08:00+00:00,1,0,0,0,0
WO_0010,WP_0010,single_crystal_silicon,SC08,8,2025-01-01 16:07:00+00:00,2025-01-01 17:07:00+00:00,1,0,0,0,0
WO_0010,WP_0010,single_crystal_silicon,SC09,9,2025-01-01 17:13:00+00:00,2025-01-01 17:31:00+00:00,1,0,0,0,0
WO_0010,WP_0010,single_crystal_silicon,SC10,10,2025-01-01 17:39:00+00:00,2025-01-01 18:37:00+00:00,1,0,0,0,0
WO_0010,WP_0010,single_crystal_silicon,SC11,11,2025-01-01 18:51:00+00:00,2025-01-01 20:07:00+00:00,1,0,0,0,0
WO_0010,WP_0010,single_crystal_silicon,SC12,12,2025-01-01 20:11:00+00:00,2025-01-01 20:21:00+00:00,1,0,0,0,0
WO_0010,WP_0010,single_crystal_silicon,SC13,13,2025-01-01 20:25:00+00:00,2025-01-01 21:34:00+00:00,1,0,0,0,0
WO_0010,WP_0010,single_crystal_silicon,SC14,14,2025-01-01 21:39:00+00:00,2025-01-01 22:04:00+00:00,1,0,0,0,0
WO_0010,WP_0010,single_crystal_silicon,SC15,15,2025-01-01 22:10:00+00:00,2025-01-01 23:31:00+00:00,1,0,0,0,0
WO_0011,WP_0011,chalcogenide_glass,CG01,1,2025-01-01 12:30:00+00:00,2025-01-01 13:48:00+00:00,1,0,0,0,0
WO_0011,WP_0011,chalcogenide_glass,CG02,2,2025-01-01 13:52:00+00:00,2025-01-01 15:17:00+00:00,1,0,0,0,0
WO_0011,WP_0011,chalcogenide_glass,CG03,3,2025-01-01 15:25:00+00:00,2025-01-01 16:09:00+00:00,1,0,0,0,0
WO_0011,WP_0011,chalcogenide_glass,CG04,4,2025-01-01 16:20:00+00:00,2025-01-01 16:44:00+00:00,1,0,0,0,0
WO_0011,WP_0011,chalcogenide_glass,CG05,5,2025-01-01 16:54:00+00:00,2025-01-01 17:45:00+00:00,1,0,0,0,0
WO_0011,WP_0011,chalcogenide_glass,CG06,6,2025-01-01 17:55:00+00:00,2025-01-01 18:50:00+00:00,1,0,0,0,0
WO_0011,WP_0011,chalcogenide_glass,CG07,7,2025-01-01 18:53:00+00:00,2025-01-01 20:20:00+00:00,1,0,0,0,0
WO_0011,WP_0011,chalcogenide_glass,CG08,8,2025-01-01 20:32:00+00:00,2025-01-01 21:53:00+00:00,1,0,0,0,0
WO_0011,WP_0011,chalcogenide_glass,CG09,9,2025-01-01 22:00:00+00:00,2025-01-01 22:18:00+00:00,1,0,0,0,0
WO_0011,WP_0011,chalcogenide_glass,CG10,10,2025-01-01 22:25:00+00:00,2025-01-02 00:00:00+00:00,1,0,0,0,0
WO_0012,WP_0012,microcrystalline_glass,MG01,1,2025-01-01 13:45:00+00:00,2025-01-01 14:20:00+00:00,1,0,0,0,0
WO_0012,WP_0012,microcrystalline_glass,MG02,2,2025-01-01 14:34:00+00:00,2025-01-01 15:24:00+00:00,1,0,0,0,0
WO_0012,WP_0012,microcrystalline_glass,MG03,3,2025-01-01 15:33:00+00:00,2025-01-01 17:05:00+00:00,1,0,0,0,0
WO_0012,WP_0012,microcrystalline_glass,MG04,4,2025-01-01 17:16:00+00:00,2025-01-01 18:54:00+00:00,1,0,0,0,0
WO_0012,WP_0012,microcrystalline_glass,MG05,5,2025-01-01 19:03:00+00:00,2025-01-01 20:09:00+00:00,1,0,0,0,0
WO_0012,WP_0012,microcrystalline_glass,MG06,6,2025-01-01 20:15:00+00:00,2025-01-01 21:06:00+00:00,1,0,0,0,0
WO_0012,WP_0012,microcrystalline_glass,MG07,7,2025-01-01 21:10:00+00:00,2025-01-01 21:37:00+00:00,1,0,0,0,0
WO_0012,WP_0012,microcrystalline_glass,MG08,8,2025-01-01 21:45:00+00:00,2025-01-01 22:42:00+00:00,1,0,0,0,0
WO_0012,WP_0012,microcrystalline_glass,MG09,9,2025-01-01 22:49:00+00:00,2025-01-01 23:17:00+00:00,1,0,0,0,0
WO_0012,WP_0012,microcrystalline_glass,MG10,10,2025-01-01 23:21:00+00:00,2025-01-02 00:59:00+00:00,1,0,0,0,0
WO_0012,WP_0012,microcrystalline_glass,MG11,11,2025-01-02 01:13:00+00:00,2025-01-02 02:40:00+00:00,1,0,0,0,0
WO_0012,WP_0012,microcrystalline_glass,MG12,12,2025-01-02 02:49:00+00:00,2025-01-02 03:55:00+00:00,1,0,0,0,0
WO_0012,WP_0012,microcrystalline_glass,MG13,13,2025-01-02 04:04:00+00:00,2025-01-02 04:40:00+00:00,1,0,0,0,0
WO_0013,WP_0013,single_crystal_silicon,SC01,1,2025-01-01 15:00:00+00:00,2025-01-01 16:12:00+00:00,1,0,0,0,0
WO_0013,WP_0013,single_crystal_silicon,SC02,2,2025-01-01 16:14:00+00:00,2025-01-01 17:31:00+00:00,1,0,0,0,0
WO_0013,WP_0013,single_crystal_silicon,SC03,3,2025-01-01 17:34:00+00:00,2025-01-01 17:51:00+00:00,1,0,0,0,0
WO_0013,WP_0013,single_crystal_silicon,SC04,4,2025-01-01 17:58:00+00:00,2025-01-01 18:49:00+00:00,1,0,0,0,0
WO_0013,WP_0013,single_crystal_silicon,SC05,5,2025-01-01 19:01:00+00:00,2025-01-01 19:14:00+00:00,1,0,0,0,0
WO_0013,WP_0013,single_crystal_silicon,SC06,6,2025-01-01 19:20:00+00:00,2025-01-01 20:56:00+00:00,1,0,0,0,0
WO_0013,WP_0013,single_crystal_silicon,SC07,7,2025-01-01 20:57:00+00:00,2025-01-01 21:08:00+00:00,1,0,0,0,0
WO_0013,WP_0013,single_crystal_silicon,SC08,8,2025-01-01 21:20:00+00:00,2025-01-01 22:22:00+00:00,1,0,0,0,0
WO_0013,WP_0013,single_crystal_silicon,SC09,9,2025-01-01 22:31:00+00:00,2025-01-01 23:01:00+00:00,1,0,0,0,0
WO_0013,WP_0013,single_crystal_silicon,SC10,10,2025-01-01 23:12:00+00:00,2025-01-02 00:16:00+00:00,1,0,0,0,0
WO_0013,WP_0013,single_crystal_silicon,SC11,11,2025-01-02 00:27:00+00:00,2025-01-02 01:03:00+00:00,1,0,0,0,0
WO_0013,WP_0013,single_crystal_silicon,SC12,12,2025-01-02 01:12:00+00:00,2025-01-02 01:31:00+00:00,1,0,0,0,0
WO_0013,WP_0013,single_crystal_silicon,SC13,13,2025-01-02 01:39:00+00:00,2025-01-02 02:33:00+00:00,1,0,0,0,0
WO_0013,WP_0013,single_crystal_silicon,SC14,14,2025-01-02 02:43:00+00:00,2025-01-02 03:00:00+00:00,1,0,0,0,0
WO_0013,WP_0013,single_crystal_silicon,SC15,15,2025-01-02 03:11:00+00:00,2025-01-02 03:36:00+00:00,1,0,0,0,0
WO_0014,WP_0014,chalcogenide_glass,CG01,1,2025-01-01 16:15:00+00:00,2025-01-01 17:10:00+00:00,1,0,0,0,0
WO_0014,WP_0014,chalcogenide_glass,CG02,2,2025-01-01 17:23:00+00:00,2025-01-01 18:42:00+00:00,1,0,0,0,0
WO_0014,WP_0014,chalcogenide_glass,CG03,3,2025-01-01 18:47:00+00:00,2025-01-01 19:58:00+00:00,1,0,0,0,0
WO_0014,WP_0014,chalcogenide_glass,CG04,4,2025-01-01 20:01:00+00:00,2025-01-01 21:13:00+00:00,1,0,0,0,0
WO_0014,WP_0014,chalcogenide_glass,CG05,5,2025-01-01 21:25:00+00:00,2025-01-01 22:04:00+00:00,1,0,0,0,0
WO_0014,WP_0014,chalcogenide_glass,CG06,6,2025-01-01 22:18:00+00:00,2025-01-01 23:50:00+00:00,1,0,0,0,0
WO_0014,WP_0014,chalcogenide_glass,CG07,7,2025-01-01 23:54:00+00:00,2025-01-02 01:04:00+00:00,1,0,0,0,0
WO_0014,WP_0014,chalcogenide_glass,CG08,8,2025-01-02 01:10:00+00:00,2025-01-02 02:40:00+00:00,1,0,0,0,0
WO_0014,WP_0014,chalcogenide_glass,CG09,9,2025-01-02 02:52:00+00:00,2025-01-02 03:14:00+00:00,1,0,0,0,0
WO_0014,WP_0014,chalcogenide_glass,CG10,10,2025-01-02 03:24:00+00:00,2025-01-02 04:10:00+00:00,1,0,0,0,0
WO_0015,WP_0015,microcrystalline_glass,MG01,1,2025-01-01 17:30:00+00:00,2025-01-01 18:08:00+00:00,1,0,0,0,0
WO_0015,WP_0015,microcrystalline_glass,MG02,2,2025-01-01 18:13:00+00:00,2025-01-01 19:09:00+00:00,1,0,0,0,0
WO_0015,WP_0015,microcrystalline_glass,MG03,3,2025-01-01 19:15:00+00:00,2025-01-01 19:38:00+00:00,1,0,0,0,0
WO_0015,WP_0015,microcrystalline_glass,MG04,4,2025-01-01 19:46:00+00:00,2025-01-01 20:42:00+00:00,1,0,0,0,0
WO_0015,WP_0015,microcrystalline_glass,MG05,5,2025-01-01 20:48:00+00:00,2025-01-01 21:58:00+00:00,1,0,0,0,0
WO_0015,WP_0015,microcrystalline_glass,MG06,6,2025-01-01 22:07:00+00:00,2025-01-01 23:23:00+00:00,1,0,0,0,0
WO_0015,WP_0015,microcrystalline_glass,MG07,7,2025-01-01 23:32:00+00:00,2025-01-01 23:52:00+00:00,1,0,0,0,0
WO_0015,WP_0015,microcrystalline_glass,MG08,8,2025-01-01 23:59:00+00:00,2025-01-02 00:42:00+00:00,1,0,0,0,0
WO_0015,WP_0015,microcrystalline_glass,MG09,9,2025-01-02 00:45:00+00:00,2025-01-02 02:17:00+00:00,1,0,0,0,0
WO_0015,WP_0015,microcrystalline_glass,MG10,10,2025-01-02 02:31:00+00:00,2025-01-02 03:12:00+00:00,1,0,0,0,0
WO_0015,WP_0015,microcrystalline_glass,MG11,11,2025-01-02 03:22:00+00:00,2025-01-02 04:00:00+00:00,1,0,0,0,0
WO_0015,WP_0015,microcrystalline_glass,MG12,12,2025-01-02 04:01:00+00:00,2025-01-02 04:23:00+00:00,1,0,0,0,0
WO_0015,WP_0015,microcrystalline_glass,MG13,13,2025-01-02 04:27:00+00:00,2025-01-02 05:30:00+00:00,1,0,0,0,0
WO_0016,WP_0016,single_crystal_silicon,SC01,1,2025-01-01 18:45:00+00:00,2025-01-01 19:22:00+00:00,1,0,0,0,0
WO_0016,WP_0016,single_crystal_silicon,SC02,2,2025-01-01 19:25:00+00:00,2025-01-01 20:50:00+00:00,1,0,0,0,0
WO_0016,WP_0016,single_crystal_silicon,SC03,3,2025-01-01 20:54:00+00:00,2025-01-01 21:25:00+00:00,1,0,0,0,0
WO_0016,WP_0016,single_crystal_silicon,SC04,4,2025-01-01 21:42:00+00:00,2025-01-01 23:11:00+00:00,1,0,0,0,0
WO_0016,WP_0016,single_crystal_silicon,SC05,5,2025-01-01 23:17:00+00:00,2025-01-01 23:40:00+00:00,1,0,0,0,0
WO_0016,WP_0016,single_crystal_silicon,SC06,6,2025-01-01 23:51:00+00:00,2025-01-02 01:07:00+00:00,1,0,0,0,0
WO_0016,WP_0016,single_crystal_silicon,SC07,7,2025-01-02 01:08:00+00:00,2025-01-02 01:36:00+00:00,1,0,0,0,0
WO_0016,WP_0016,single_crystal_silicon,SC08,8,2025-01-02 01:46:00+00:00,2025-01-02 02:50:00+00:00,1,0,0,0,0
WO_0016,WP_0016,single_crystal_silicon,SC09,9,2025-01-02 02:58:00+00:00,2025-01-02 03:09:00+00:00,1,0,0,0,0
WO_0016,WP_0016,single_crystal_silicon,SC10,10,2025-01-02 03:09:00+00:00,2025-01-02 03:45:00+00:00,1,0,0,0,0
WO_0016,WP_0016,single_crystal_silicon,SC11,11,2025-01-02 04:00:00+00:00,2025-01-02 05:34:00+00:00,1,0,0,0,0
WO_0016,WP_0016,single_crystal_silicon,SC12,12,2025-01-02 05:39:00+00:00,2025-01-02 05:51:00+00:00,1,0,0,0,0
WO_0016,WP_0016,single_crystal_silicon,SC13,13,2025-01-02 05:53:00+00:00,2025-01-02 06:46:00+00:00,1,0,0,0,0
WO_0016,WP_0016,single_crystal_silicon,SC14,14,2025-01-02 06:51:00+00:00,2025-01-02 07:09:00+00:00,1,0,0,0,0
WO_0016,WP_0016,single_crystal_silicon,SC15,15,2025-01-02 07:16:00+00:00,2025-01-02 08:24:00+00:00,1,0,0,0,0
WO_0017,WP_0017,chalcogenide_glass,CG01,1,2025-01-01 20:00:00+00:00,2025-01-01 20:52:00+00:00,1,0,0,0,0
WO_0017,WP_0017,chalcogenide_glass,CG02,2,2025-01-01 20:58:00+00:00,2025-01-01 21:34:00+00:00,1,0,0,0,0
WO_0017,WP_0017,chalcogenide_glass,CG03,3,2025-01-01 21:35:00+00:00,2025-01-01 22:21:00+00:00,1,0,0,0,0
WO_0017,WP_0017,chalcogenide_glass,CG04,4,2025-01-01 22:28:00+00:00,2025-01-01 23:40:00+00:00,1,0,0,0,0
WO_0017,WP_0017,chalcogenide_glass,CG05,5,2025-01-01 23:43:00+00:00,2025-01-02 00:38:00+00:00,1,0,0,0,0
WO_0017,WP_0017,chalcogenide_glass,CG06,6,2025-01-02 00:49:00+00:00,2025-01-02 02:26:00+00:00,1,0,0,0,0
WO_0017,WP_0017,chalcogenide_glass,CG07,7,2025-01-02 02:33:00+00:00,2025-01-02 03:35:00+00:00,1,0,0,0,0
WO_0017,WP_0017,chalcogenide_glass,CG08,8,2025-01-02 03:37:00+00:00,2025-01-02 04:39:00+00:00,1,0,0,0,0
WO_0017,WP_0017,chalcogenide_glass,CG09,9,2025-01-02 04:48:00+00:00,2025-01-02 05:19:00+00:00,1,0,0,0,0
WO_0017,WP_0017,chalcogenide_glass,CG10,10,2025-01-02 05:25:00+00:00,2025-01-02 06:58:00+00:00,1,0,0,0,0
WO_0018,WP_0018,microcrystalline_glass,MG01,1,2025-01-01 21:15:00+00:00,2025-01-01 22:43:00+00:00,1,0,0,0,0
WO_0018,WP_0018,microcrystalline_glass,MG02,2,2025-01-01 22:52:00+00:00,2025-01-01 23:41:00+00:00,1,0,0,0,0
WO_0018,WP_0018,microcrystalline_glass,MG03,3,2025-01-01 23:50:00+00:00,2025-01-02 01:27:00+00:00,1,0,0,0,0
WO_0018,WP_0018,microcrystalline_glass,MG04,4,2025-01-02 01:36:00+00:00,2025-01-02 02:04:00+00:00,1,0,0,0,0
WO_0018,WP_0018,microcrystalline_glass,MG05,5,2025-01-02 02:17:00+00:00,2025-01-02 03:06:00+00:00,1,0,0,0,0
WO_0018,WP_0018,microcrystalline_glass,MG06,6,2025-01-02 03:13:00+00:00,2025-01-02 04:42:00+00:00,1,0,0,0,0
WO_0018,WP_0018,microcrystalline_glass,MG07,7,2025-01-02 04:41:00+00:00,2025-01-02 05:31:00+00:00,1,0,0,0,0
WO_0018,WP_0018,microcrystalline_glass,MG08,8,2025-01-02 05:42:00+00:00,2025-01-02 06:17:00+00:00,1,0,0,0,0
WO_0018,WP_0018,microcrystalline_glass,MG09,9,2025-01-02 06:21:00+00:00,2025-01-02 06:47:00+00:00,1,0,0,0,0
WO_0018,WP_0018,microcrystalline_glass,MG10,10,2025-01-02 06:56:00+00:00,2025-01-02 07:58:00+00:00,1,0,0,0,0
WO_0018,WP_0018,microcrystalline_glass,MG11,11,2025-01-02 08:10:00+00:00,2025-01-02 08:33:00+00:00,1,0,0,0,0
WO_0018,WP_0018,microcrystalline_glass,MG12,12,2025-01-02 08:43:00+00:00,2025-01-02 10:16:00+00:00,1,0,0,0,0
WO_0018,WP_0018,microcrystalline_glass,MG13,13,2025-01-02 10:28:00+00:00,2025-01-02 11:03:00+00:00,1,0,0,0,0
WO_0019,WP_0019,single_crystal_silicon,SC01,1,2025-01-01 22:30:00+00:00,2025-01-01 23:39:00+00:00,1,0,0,0,0
WO_0019,WP_0019,single_crystal_silicon,SC02,2,2025-01-01 23:49:00+00:00,2025-01-02 00:26:00+00:00,1,0,0,0,0
WO_0019,WP_0019,single_crystal_silicon,SC03,3,2025-01-02 00:36:00+00:00,2025-01-02 00:48:00+00:00,1,0,0,0,0
WO_0019,WP_0019,single_crystal_silicon,SC04,4,2025-01-02 00:54:00+00:00,2025-01-02 01:59:00+00:00,1,0,0,0,0
WO_0019,WP_0019,single_crystal_silicon,SC05,5,2025-01-02 02:10:00+00:00,2025-01-02 02:27:00+00:00,1,0,0,0,0
WO_0019,WP_0019,single_crystal_silicon,SC06,6,2025-01-02 02:39:00+00:00,2025-01-02 03:29:00+00:00,1,0,0,0,0
WO_0019,WP_0019,single_crystal_silicon,SC07,7,2025-01-02 03:42:00+00:00,2025-01-02 03:55:00+00:00,1,0,0,0,0
WO_0019,WP_0019,single_crystal_silicon,SC08,8,2025-01-02 03:58:00+00:00,2025-01-02 04:47:00+00:00,1,0,0,0,0
WO_0019,WP_0019,single_crystal_silicon,SC09,9,2025-01-02 04:54:00+00:00,2025-01-02 05:19:00+00:00,1,0,0,0,0
WO_0019,WP_0019,single_crystal_silicon,SC10,10,2025-01-02 05:24:00+00:00,2025-01-02 05:52:00+00:00,1,0,0,0,0
WO_0019,WP_0019,single_crystal_silicon,SC11,11,2025-01-02 05:57:00+00:00,2025-01-02 06:50:00+00:00,1,0,0,0,0
WO_0019,WP_0019,single_crystal_silicon,SC12,12,2025-01-02 06:56:00+00:00,2025-01-02 07:28:00+00:00,1,0,0,0,0
WO_0019,WP_0019,single_crystal_silicon,SC13,13,2025-01-02 07:39:00+00:00,2025-01-02 09:00:00+00:00,1,0,0,0,0
WO_0019,WP_0019,single_crystal_silicon,SC14,14,2025-01-02 09:08:00+00:00,2025-01-02 09:20:00+00:00,1,0,0,0,0
WO_0019,WP_0019,single_crystal_silicon,SC15,15,2025-01-02 09:27:00+00:00,2025-01-02 11:00:00+00:00,1,0,0,0,0
WO_0020,WP_0020,chalcogenide_glass,CG01,1,2025-01-01 23:45:00+00:00,2025-01-02 00:42:00+00:00,1,0,0,0,0
WO_0020,WP_0020,chalcogenide_glass,CG02,2,2025-01-02 00:56:00+00:00,2025-01-02 01:50:00+00:00,1,0,0,0,0
WO_0020,WP_0020,chalcogenide_glass,CG03,3,2025-01-02 02:02:00+00:00,2025-01-02 03:38:00+00:00,1,0,0,0,0
WO_0020,WP_0020,chalcogenide_glass,CG04,4,2025-01-02 03:46:00+00:00,2025-01-02 04:23:00+00:00,1,0,0,0,0
WO_0020,WP_0020,chalcogenide_glass,CG05,5,2025-01-02 04:36:00+00:00,2025-01-02 05:17:00+00:00,1,0,0,0,0
WO_0020,WP_0020,chalcogenide_glass,CG06,6,2025-01-02 05:20:00+00:00,2025-01-02 06:50:00+00:00,1,0,0,0,0
WO_0020,WP_0020,chalcogenide_glass,CG07,7,2025-01-02 07:01:00+00:00,2025-01-02 07:42:00+00:00,1,0,0,0,0
WO_0020,WP_0020,chalcogenide_glass,CG08,8,2025-01-02 07:45:00+00:00,2025-01-02 09:07:00+00:00,1,0,0,0,0
WO_0020,WP_0020,chalcogenide_glass,CG09,9,2025-01-02 09:17:00+00:00,2025-01-02 09:31:00+00:00,1,0,0,0,0
WO_0020,WP_0020,chalcogenide_glass,CG10,10,2025-01-02 09:37:00+00:00,2025-01-02 10:28:00+00:00,1,0,0,0,0
WO_0021,WP_0021,microcrystalline_glass,MG01,1,2025-01-02 01:00:00+00:00,2025-01-02 02:28:00+00:00,1,0,0,0,0
WO_0021,WP_0021,microcrystalline_glass,MG02,2,2025-01-02 02:38:00+00:00,2025-01-02 03:47:00+00:00,1,0,0,0,0
WO_0021,WP_0021,microcrystalline_glass,MG03,3,2025-01-02 03:57:00+00:00,2025-01-02 05:13:00+00:00,1,0,0,0,0
WO_0021,WP_0021,microcrystalline_glass,MG04,4,2025-01-02 05:20:00+00:00,2025-01-02 06:59:00+00:00,1,0,0,0,0
WO_0021,WP_0021,microcrystalline_glass,MG05,5,2025-01-02 07:06:00+00:00,2025-01-02 07:38:00+00:00,1,0,0,0,0
WO_0021,WP_0021,microcrystalline_glass,MG06,6,2025-01-02 07:41:00+00:00,2025-01-02 08:50:00+00:00,1,0,0,0,0
WO_0021,WP_0021,microcrystalline_glass,MG07,7,2025-01-02 08:53:00+00:00,2025-01-02 09:13:00+00:00,1,0,0,0,0
WO_0021,WP_0021,microcrystalline_glass,MG08,8,2025-01-02 09:22:00+00:00,2025-01-02 10:05:00+00:00,1,0,0,0,0
WO_0021,WP_0021,microcrystalline_glass,MG09,9,2025-01-02 10:20:00+00:00,2025-01-02 11:58:00+00:00,1,0,0,0,0
WO_0021,WP_0021,microcrystalline_glass,MG10,10,2025-01-02 12:06:00+00:00,2025-01-02 13:20:00+00:00,1,0,0,0,0
WO_0021,WP_0021,microcrystalline_glass,MG11,11,2025-01-02 13:28:00+00:00,2025-01-02 14:49:00+00:00,1,0,0,0,0
WO_0021,WP_0021,microcrystalline_glass,MG12,12,2025-01-02 14:51:00+00:00,2025-01-02 15:45:00+00:00,1,0,0,0,0
WO_0021,WP_0021,microcrystalline_glass,MG13,13,2025-01-02 15:58:00+00:00,2025-01-02 16:37:00+00:00,1,0,0,0,0
WO_0022,WP_0022,single_crystal_silicon,SC01,1,2025-01-02 02:15:00+00:00,2025-01-02 02:49:00+00:00,1,0,0,0,0
WO_0022,WP_0022,single_crystal_silicon,SC02,2,2025-01-02 02:57:00+00:00,2025-01-02 03:38:00+00:00,1,0,0,0,0
WO_0022,WP_0022,single_crystal_silicon,SC03,3,2025-01-02 03:42:00+00:00,2025-01-02 04:01:00+00:00,1,0,0,0,0
WO_0022,WP_0022,single_crystal_silicon,SC04,4,2025-01-02 04:01:00+00:00,2025-01-02 04:33:00+00:00,1,0,0,0,0
WO_0022,WP_0022,single_crystal_silicon,SC05,5,2025-01-02 04:42:00+00:00,2025-01-02 04:57:00+00:00,1,0,0,0,0
WO_0022,WP_0022,single_crystal_silicon,SC06,6,2025-01-02 05:03:00+00:00,2025-01-02 06:32:00+00:00,1,0,0,0,0
WO_0022,WP_0022,single_crystal_silicon,SC07,7,2025-01-02 06:36:00+00:00,2025-01-02 07:04:00+00:00,1,0,0,0,0
WO_0022,WP_0022,single_crystal_silicon,SC08,8,2025-01-02 07:10:00+00:00,2025-01-02 08:40:00+00:00,1,0,0,0,0
WO_0022,WP_0022,single_crystal_silicon,SC09,9,2025-01-02 08:45:00+00:00,2025-01-02 09:07:00+00:00,1,0,0,0,0
WO_0022,WP_0022,single_crystal_silicon,SC10,10,2025-01-02 09:16:00+00:00,2025-01-02 10:22:00+00:00,1,0,0,0,0
WO_0022,WP_0022,single_crystal_silicon,SC11,11,2025-01-02 10:29:00+00:00,2025-01-02 11:30:00+00:00,1,0,0,0,0
WO_0022,WP_0022,single_crystal_silicon,SC12,12,2025-01-02 11:36:00+00:00,2025-01-02 11:54:00+00:00,1,0,0,0,0
WO_0022,WP_0022,single_crystal_silicon,SC13,13,2025-01-02 12:04:00+00:00,2025-01-02 13:01:00+00:00,1,0,0,0,0
WO_0022,WP_0022,single_crystal_silicon,SC14,14,2025-01-02 13:13:00+00:00,2025-01-02 13:32:00+00:00,1,0,0,0,0
WO_0022,WP_0022,single_crystal_silicon,SC15,15,2025-01-02 13:45:00+00:00,2025-01-02 15:15:00+00:00,1,0,0,0,0
WO_0023,WP_0023,chalcogenide_glass,CG01,1,2025-01-02 03:30:00+00:00,2025-01-02 04:26:00+00:00,1,0,0,0,0
WO_0023,WP_0023,chalcogenide_glass,CG02,2,2025-01-02 04:39:00+00:00,2025-01-02 05:59:00+00:00,1,0,0,0,0
WO_0023,WP_0023,chalcogenide_glass,CG03,3,2025-01-02 06:09:00+00:00,2025-01-02 07:27:00+00:00,1,0,0,0,0
WO_0023,WP_0023,chalcogenide_glass,CG04,4,2025-01-02 07:33:00+00:00,2025-01-02 08:20:00+00:00,1,0,0,0,0
WO_0023,WP_0023,chalcogenide_glass,CG05,5,2025-01-02 08:30:00+00:00,2025-01-02 08:54:00+00:00,1,0,0,0,0
WO_0023,WP_0023,chalcogenide_glass,CG06,6,2025-01-02 08:59:00+00:00,2025-01-02 09:40:00+00:00,1,0,0,0,0
WO_0023,WP_0023,chalcogenide_glass,CG07,7,2025-01-02 09:48:00+00:00,2025-01-02 10:22:00+00:00,1,0,0,0,0
WO_0023,WP_0023,chalcogenide_glass,CG08,8,2025-01-02 10:25:00+00:00,2025-01-02 10:51:00+00:00,1,0,0,0,0
WO_0023,WP_0023,chalcogenide_glass,CG09,9,2025-01-02 10:56:00+00:00,2025-01-02 11:23:00+00:00,1,0,0,0,0
WO_0023,WP_0023,chalcogenide_glass,CG10,10,2025-01-02 11:26:00+00:00,2025-01-02 11:51:00+00:00,1,0,0,0,0
WO_0024,WP_0024,microcrystalline_glass,MG01,1,2025-01-02 04:45:00+00:00,2025-01-02 05:59:00+00:00,1,0,0,0,0
WO_0024,WP_0024,microcrystalline_glass,MG02,2,2025-01-02 06:12:00+00:00,2025-01-02 07:44:00+00:00,1,0,0,0,0
WO_0024,WP_0024,microcrystalline_glass,MG03,3,2025-01-02 07:46:00+00:00,2025-01-02 08:55:00+00:00,1,0,0,0,0
WO_0024,WP_0024,microcrystalline_glass,MG04,4,2025-01-02 08:58:00+00:00,2025-01-02 09:50:00+00:00,1,0,0,0,0
WO_0024,WP_0024,microcrystalline_glass,MG05,5,2025-01-02 09:55:00+00:00,2025-01-02 10:52:00+00:00,1,0,0,0,0
WO_0024,WP_0024,microcrystalline_glass,MG06,6,2025-01-02 11:03:00+00:00,2025-01-02 12:22:00+00:00,1,0,0,0,0
WO_0024,WP_0024,microcrystalline_glass,MG07,7,2025-01-02 12:26:00+00:00,2025-01-02 14:02:00+00:00,1,0,0,0,0
WO_0024,WP_0024,microcrystalline_glass,MG08,8,2025-01-02 14:09:00+00:00,2025-01-02 15:30:00+00:00,1,0,0,0,0
WO_0024,WP_0024,microcrystalline_glass,MG09,9,2025-01-02 15:41:00+00:00,2025-01-02 16:51:00+00:00,1,0,0,0,0
WO_0024,WP_0024,microcrystalline_glass,MG10,10,2025-01-02 16:58:00+00:00,2025-01-02 17:58:00+00:00,1,0,0,0,0
WO_0024,WP_0024,microcrystalline_glass,MG11,11,2025-01-02 18:09:00+00:00,2025-01-02 18:50:00+00:00,1,0,0,0,0
WO_0024,WP_0024,microcrystalline_glass,MG12,12,2025-01-02 18:59:00+00:00,2025-01-02 20:33:00+00:00,1,0,0,0,0
WO_0024,WP_0024,microcrystalline_glass,MG13,13,2025-01-02 20:37:00+00:00,2025-01-02 22:15:00+00:00,1,0,0,0,0
WO_0025,WP_0025,single_crystal_silicon,SC01,1,2025-01-02 06:00:00+00:00,2025-01-02 07:06:00+00:00,1,0,0,0,0
WO_0025,WP_0025,single_crystal_silicon,SC02,2,2025-01-02 07:13:00+00:00,2025-01-02 08:15:00+00:00,1,0,0,0,0
WO_0025,WP_0025,single_crystal_silicon,SC03,3,2025-01-02 08:29:00+00:00,2025-01-02 08:41:00+00:00,1,0,0,0,0
WO_0025,WP_0025,single_crystal_silicon,SC04,4,2025-01-02 08:45:00+00:00,2025-01-02 10:16:00+00:00,1,0,0,0,0
WO_0025,WP_0025,single_crystal_silicon,SC05,5,2025-01-02 10:23:00+00:00,2025-01-02 10:45:00+00:00,1,0,0,0,0
WO_0025,WP_0025,single_crystal_silicon,SC06,6,2025-01-02 10:50:00+00:00,2025-01-02 12:03:00+00:00,1,0,0,0,0
WO_0025,WP_0025,single_crystal_silicon,SC07,7,2025-01-02 12:07:00+00:00,2025-01-02 12:25:00+00:00,1,0,0,0,0
WO_0025,WP_0025,single_crystal_silicon,SC08,8,2025-01-02 12:33:00+00:00,2025-01-02 14:04:00+00:00,1,0,0,0,0
WO_0025,WP_0025,single_crystal_silicon,SC09,9,2025-01-02 14:14:00+00:00,2025-01-02 14:47:00+00:00,1,0,0,0,0
WO_0025,WP_0025,single_crystal_silicon,SC10,10,2025-01-02 14:57:00+00:00,2025-01-02 16:16:00+00:00,1,0,0,0,0
WO_0025,WP_0025,single_crystal_silicon,SC11,11,2025-01-02 16:23:00+00:00,2025-01-02 17:02:00+00:00,1,0,0,0,0
WO_0025,WP_0025,single_crystal_silicon,SC12,12,2025-01-02 17:13:00+00:00,2025-01-02 17:40:00+00:00,1,0,0,0,0
WO_0025,WP_0025,single_crystal_silicon,SC13,13,2025-01-02 17:40:00+00:00,2025-01-02 19:09:00+00:00,1,0,0,0,0
WO_0025,WP_0025,single_crystal_silicon,SC14,14,2025-01-02 19:16:00+00:00,2025-01-02 19:41:00+00:00,1,0,0,0,0
WO_0025,WP_0025,single_crystal_silicon,SC15,15,2025-01-02 19:48:00+00:00,2025-01-02 20:32:00+00:00,1,0,0,0,0
WO_0026,WP_0026,chalcogenide_glass,CG01,1,2025-01-02 07:15:00+00:00,2025-01-02 08:19:00+00:00,1,0,0,0,0
WO_0026,WP_0026,chalcogenide_glass,CG02,2,2025-01-02 08:24:00+00:00,2025-01-02 08:56:00+00:00,1,0,0,0,0
WO_0026,WP_0026,chalcogenide_glass,CG03,3,2025-01-02 09:08:00+00:00,2025-01-02 09:52:00+00:00,1,0,0,0,0
WO_0026,WP_0026,chalcogenide_glass,CG04,4,2025-01-02 10:07:00+00:00,2025-01-02 11:42:00+00:00,1,0,0,0,0
WO_0026,WP_0026,chalcogenide_glass,CG05,5,2025-01-02 11:54:00+00:00,2025-01-02 13:03:00+00:00,1,0,0,0,0
WO_0026,WP_0026,chalcogenide_glass,CG06,6,2025-01-02 13:17:00+00:00,2025-01-02 14:30:00+00:00,1,0,0,0,0
WO_0026,WP_0026,chalcogenide_glass,CG07,7,2025-01-02 14:35:00+00:00,2025-01-02 16:02:00+00:00,1,0,0,0,0
WO_0026,WP_0026,chalcogenide_glass,CG08,8,2025-01-02 16:10:00+00:00,2025-01-02 17:40:00+00:00,1,0,0,0,0
WO_0026,WP_0026,chalcogenide_glass,CG09,9,2025-01-02 17:48:00+00:00,2025-01-02 18:01:00+00:00,1,0,0,0,0
WO_0026,WP_0026,chalcogenide_glass,CG10,10,2025-01-02 18:08:00+00:00,2025-01-02 19:01:00+00:00,1,0,0,0,0
WO_0027,WP_0027,microcrystalline_glass,MG01,1,2025-01-02 08:30:00+00:00,2025-01-02 09:23:00+00:00,1,0,0,0,0
WO_0027,WP_0027,microcrystalline_glass,MG02,2,2025-01-02 09:27:00+00:00,2025-01-02 10:03:00+00:00,1,0,0,0,0
WO_0027,WP_0027,microcrystalline_glass,MG03,3,2025-01-02 10:05:00+00:00,2025-01-02 11:31:00+00:00,1,0,0,0,0
WO_0027,WP_0027,microcrystalline_glass,MG04,4,2025-01-02 11:36:00+00:00,2025-01-02 12:17:00+00:00,1,0,0,0,0
WO_0027,WP_0027,microcrystalline_glass,MG05,5,2025-01-02 12:34:00+00:00,2025-01-02 13:01:00+00:00,1,0,0,0,0
WO_0027,WP_0027,microcrystalline_glass,MG06,6,2025-01-02 13:05:00+00:00,2025-01-02 13:48:00+00:00,1,0,0,0,0
WO_0027,WP_0027,microcrystalline_glass,MG07,7,2025-01-02 13:48:00+00:00,2025-01-02 15:06:00+00:00,1,0,0,0,0
WO_0027,WP_0027,microcrystalline_glass,MG08,8,2025-01-02 15:22:00+00:00,2025-01-02 16:15:00+00:00,1,0,0,0,0
WO_0027,WP_0027,microcrystalline_glass,MG09,9,2025-01-02 16:28:00+00:00,2025-01-02 17:20:00+00:00,1,0,0,0,0
WO_0027,WP_0027,microcrystalline_glass,MG10,10,2025-01-02 17:27:00+00:00,2025-01-02 18:19:00+00:00,1,0,0,0,0
WO_0027,WP_0027,microcrystalline_glass,MG11,11,2025-01-02 18:26:00+00:00,2025-01-02 18:49:00+00:00,1,0,0,0,0
WO_0027,WP_0027,microcrystalline_glass,MG12,12,2025-01-02 18:57:00+00:00,2025-01-02 19:44:00+00:00,1,0,0,0,0
WO_0027,WP_0027,microcrystalline_glass,MG13,13,2025-01-02 19:50:00+00:00,2025-01-02 20:49:00+00:00,1,0,0,0,0
WO_0028,WP_0028,single_crystal_silicon,SC01,1,2025-01-02 09:45:00+00:00,2025-01-02 11:19:00+00:00,1,0,0,0,0
WO_0028,WP_0028,single_crystal_silicon,SC02,2,2025-01-02 11:24:00+00:00,2025-01-02 12:06:00+00:00,1,0,0,0,0
WO_0028,WP_0028,single_crystal_silicon,SC03,3,2025-01-02 12:11:00+00:00,2025-01-02 12:21:00+00:00,1,0,0,0,0
WO_0028,WP_0028,single_crystal_silicon,SC04,4,2025-01-02 12:23:00+00:00,2025-01-02 13:43:00+00:00,1,0,0,0,0
WO_0028,WP_0028,single_crystal_silicon,SC05,5,2025-01-02 13:54:00+00:00,2025-01-02 14:23:00+00:00,1,0,0,0,0
WO_0028,WP_0028,single_crystal_silicon,SC06,6,2025-01-02 14:35:00+00:00,2025-01-02 16:06:00+00:00,1,0,0,0,0
WO_0028,WP_0028,single_crystal_silicon,SC07,7,2025-01-02 16:14:00+00:00,2025-01-02 16:48:00+00:00,1,0,0,0,0
WO_0028,WP_0028,single_crystal_silicon,SC08,8,2025-01-02 16:56:00+00:00,2025-01-02 17:23:00+00:00,1,0,0,0,0
WO_0028,WP_0028,single_crystal_silicon,SC09,9,2025-01-02 17:32:00+00:00,2025-01-02 17:44:00+00:00,1,0,0,0,0
WO_0028,WP_0028,single_crystal_silicon,SC10,10,2025-01-02 17:54:00+00:00,2025-01-02 18:47:00+00:00,1,0,0,0,0
WO_0028,WP_0028,single_crystal_silicon,SC11,11,2025-01-02 18:50:00+00:00,2025-01-02 19:31:00+00:00,1,0,0,0,0
WO_0028,WP_0028,single_crystal_silicon,SC12,12,2025-01-02 19:44:00+00:00,2025-01-02 20:06:00+00:00,1,0,0,0,0
WO_0028,WP_0028,single_crystal_silicon,SC13,13,2025-01-02 20:10:00+00:00,2025-01-02 20:58:00+00:00,1,0,0,0,0
WO_0028,WP_0028,single_crystal_silicon,SC14,14,2025-01-02 21:07:00+00:00,2025-01-02 21:41:00+00:00,1,0,0,0,0
WO_0028,WP_0028,single_crystal_silicon,SC15,15,2025-01-02 21:51:00+00:00,2025-01-02 22:22:00+00:00,1,0,0,0,0
WO_0029,WP_0029,chalcogenide_glass,CG01,1,2025-01-02 11:00:00+00:00,2025-01-02 11:48:00+00:00,1,0,0,0,0
WO_0029,WP_0029,chalcogenide_glass,CG02,2,2025-01-02 11:57:00+00:00,2025-01-02 12:40:00+00:00,1,0,0,0,0
WO_0029,WP_0029,chalcogenide_glass,CG03,3,2025-01-02 12:43:00+00:00,2025-01-02 13:12:00+00:00,1,0,0,0,0
WO_0029,WP_0029,chalcogenide_glass,CG04,4,2025-01-02 13:20:00+00:00,2025-01-02 14:41:00+00:00,1,0,0,0,0
WO_0029,WP_0029,chalcogenide_glass,CG05,5,2025-01-02 14:53:00+00:00,2025-01-02 16:07:00+00:00,1,0,0,0,0
WO_0029,WP_0029,chalcogenide_glass,CG06,6,2025-01-02 16:17:00+00:00,2025-01-02 17:24:00+00:00,1,0,0,0,0
WO_0029,WP_0029,chalcogenide_glass,CG07,7,2025-01-02 17:27:00+00:00,2025-01-02 18:19:00+00:00,1,0,0,0,0
WO_0029,WP_0029,chalcogenide_glass,CG08,8,2025-01-02 18:26:00+00:00,2025-01-02 19:23:00+00:00,1,0,0,0,0
WO_0029,WP_0029,chalcogenide_glass,CG09,9,2025-01-02 19:29:00+00:00,2025-01-02 19:45:00+00:00,1,0,0,0,0
WO_0029,WP_0029,chalcogenide_glass,CG10,10,2025-01-02 19:55:00+00:00,2025-01-02 21:34:00+00:00,1,0,0,0,0
WO_0030,WP_0030,microcrystalline_glass,MG01,1,2025-01-02 12:15:00+00:00,2025-01-02 12:39:00+00:00,1,0,0,0,0
WO_0030,WP_0030,microcrystalline_glass,MG02,2,2025-01-02 12:44:00+00:00,2025-01-02 13:14:00+00:00,1,0,0,0,0
WO_0030,WP_0030,microcrystalline_glass,MG03,3,2025-01-02 13:25:00+00:00,2025-01-02 14:45:00+00:00,1,0,0,0,0
WO_0030,WP_0030,microcrystalline_glass,MG04,4,2025-01-02 14:59:00+00:00,2025-01-02 16:10:00+00:00,1,0,0,0,0
WO_0030,WP_0030,microcrystalline_glass,MG05,5,2025-01-02 16:16:00+00:00,2025-01-02 17:47:00+00:00,1,0,0,0,0
WO_0030,WP_0030,microcrystalline_glass,MG06,6,2025-01-02 17:57:00+00:00,2025-01-02 18:41:00+00:00,1,0,0,0,0
WO_0030,WP_0030,microcrystalline_glass,MG07,7,2025-01-02 18:50:00+00:00,2025-01-02 20:25:00+00:00,1,0,0,0,0
WO_0030,WP_0030,microcrystalline_glass,MG08,8,2025-01-02 20:36:00+00:00,2025-01-02 21:30:00+00:00,1,0,0,0,0
WO_0030,WP_0030,microcrystalline_glass,MG09,9,2025-01-02 21:40:00+00:00,2025-01-02 22:28:00+00:00,1,0,0,0,0
WO_0030,WP_0030,microcrystalline_glass,MG10,10,2025-01-02 22:35:00+00:00,2025-01-02 23:00:00+00:00,1,0,0,0,0
WO_0030,WP_0030,microcrystalline_glass,MG11,11,2025-01-02 23:03:00+00:00,2025-01-03 00:08:00+00:00,1,0,0,0,0
WO_0030,WP_0030,microcrystalline_glass,MG12,12,2025-01-03 00:13:00+00:00,2025-01-03 01:28:00+00:00,1,0,0,0,0
WO_0030,WP_0030,microcrystalline_glass,MG13,13,2025-01-03 01:39:00+00:00,2025-01-03 02:57:00+00:00,1,0,0,0,0
WO_0031,WP_0031,single_crystal_silicon,SC01,1,2025-01-02 13:30:00+00:00,2025-01-02 15:01:00+00:00,1,0,0,0,0
WO_0031,WP_0031,single_crystal_silicon,SC02,2,2025-01-02 15:10:00+00:00,2025-01-02 15:32:00+00:00,1,0,0,0,0
WO_0031,WP_0031,single_crystal_silicon,SC03,3,2025-01-02 15:47:00+00:00,2025-01-02 15:59:00+00:00,1,0,0,0,0
WO_0031,WP_0031,single_crystal_silicon,SC04,4,2025-01-02 16:14:00+00:00,2025-01-02 17:35:00+00:00,1,0,0,0,0
WO_0031,WP_0031,single_crystal_silicon,SC05,5,2025-01-02 17:46:00+00:00,2025-01-02 18:15:00+00:00,1,0,0,0,0
WO_0031,WP_0031,single_crystal_silicon,SC06,6,2025-01-02 18:26:00+00:00,2025-01-02 18:49:00+00:00,1,0,0,0,0
WO_0031,WP_0031,single_crystal_silicon,SC07,7,2025-01-02 19:01:00+00:00,2025-01-02 19:21:00+00:00,1,0,0,0,0
WO_0031,WP_0031,single_crystal_silicon,SC08,8,2025-01-02 19:26:00+00:00,2025-01-02 19:55:00+00:00,1,0,0,0,0
WO_0031,WP_0031,single_crystal_silicon,SC09,9,2025-01-02 20:01:00+00:00,2025-01-02 20:19:00+00:00,1,0,0,0,0
WO_0031,WP_0031,single_crystal_silicon,SC10,10,2025-01-02 20:32:00+00:00,2025-01-02 21:36:00+00:00,1,0,0,0,0
WO_0031,WP_0031,single_crystal_silicon,SC11,11,2025-01-02 21:41:00+00:00,2025-01-02 22:49:00+00:00,1,0,0,0,0
WO_0031,WP_0031,single_crystal_silicon,SC12,12,2025-01-02 22:56:00+00:00,2025-01-02 23:24:00+00:00,1,0,0,0,0
WO_0031,WP_0031,single_crystal_silicon,SC13,13,2025-01-02 23:34:00+00:00,2025-01-03 00:36:00+00:00,1,0,0,0,0
WO_0031,WP_0031,single_crystal_silicon,SC14,14,2025-01-03 00:47:00+00:00,2025-01-03 01:06:00+00:00,1,0,0,0,0
WO_0031,WP_0031,single_crystal_silicon,SC15,15,2025-01-03 01:18:00+00:00,2025-01-03 01:48:00+00:00,1,0,0,0,0
WO_0032,WP_0032,chalcogenide_glass,CG01,1,2025-01-02 14:45:00+00:00,2025-01-02 16:03:00+00:00,1,0,0,0,0
WO_0032,WP_0032,chalcogenide_glass,CG02,2,2025-01-02 16:07:00+00:00,2025-01-02 17:13:00+00:00,1,0,0,0,0
WO_0032,WP_0032,chalcogenide_glass,CG03,3,2025-01-02 17:20:00+00:00,2025-01-02 18:40:00+00:00,1,0,0,0,0
WO_0032,WP_0032,chalcogenide_glass,CG04,4,2025-01-02 18:50:00+00:00,2025-01-02 19:13:00+00:00,1,0,0,0,0
WO_0032,WP_0032,chalcogenide_glass,CG05,5,2025-01-02 19:18:00+00:00,2025-01-02 20:41:00+00:00,1,0,0,0,0
WO_0032,WP_0032,chalcogenide_glass,CG06,6,2025-01-02 20:54:00+00:00,2025-01-02 22:23:00+00:00,1,0,0,0,0
WO_0032,WP_0032,chalcogenide_glass,CG07,7,2025-01-02 22:33:00+00:00,2025-01-02 23:40:00+00:00,1,0,0,0,0
WO_0032,WP_0032,chalcogenide_glass,CG08,8,2025-01-02 23:49:00+00:00,2025-01-03 00:38:00+00:00,1,0,0,0,0
WO_0032,WP_0032,chalcogenide_glass,CG09,9,2025-01-03 00:43:00+00:00,2025-01-03 00:58:00+00:00,1,0,0,0,0
WO_0032,WP_0032,chalcogenide_glass,CG10,10,2025-01-03 01:02:00+00:00,2025-01-03 01:49:00+00:00,1,0,0,0,0
WO_0033,WP_0033,microcrystalline_glass,MG01,1,2025-01-02 16:00:00+00:00,2025-01-02 17:37:00+00:00,1,0,0,0,0
WO_0033,WP_0033,microcrystalline_glass,MG02,2,2025-01-02 17:54:00+00:00,2025-01-02 18:29:00+00:00,1,0,0,0,0
WO_0033,WP_0033,microcrystalline_glass,MG03,3,2025-01-02 18:38:00+00:00,2025-01-02 19:50:00+00:00,1,0,0,0,0
WO_0033,WP_0033,microcrystalline_glass,MG04,4,2025-01-02 19:55:00+00:00,2025-01-02 21:11:00+00:00,1,0,0,0,0
WO_0033,WP_0033,microcrystalline_glass,MG05,5,2025-01-02 21:18:00+00:00,2025-01-02 22:09:00+00:00,1,0,0,0,0
WO_0033,WP_0033,microcrystalline_glass,MG06,6,2025-01-02 22:20:00+00:00,2025-01-02 23:55:00+00:00,1,0,0,0,0
WO_0033,WP_0033,microcrystalline_glass,MG07,7,2025-01-03 00:02:00+00:00,2025-01-03 01:34:00+00:00,1,0,0,0,0
WO_0033,WP_0033,microcrystalline_glass,MG08,8,2025-01-03 01:40:00+00:00,2025-01-03 02:41:00+00:00,1,0,0,0,0
WO_0033,WP_0033,microcrystalline_glass,MG09,9,2025-01-03 02:51:00+00:00,2025-01-03 04:26:00+00:00,1,0,0,0,0
WO_0033,WP_0033,microcrystalline_glass,MG10,10,2025-01-03 04:35:00+00:00,2025-01-03 06:14:00+00:00,1,0,0,0,0
WO_0033,WP_0033,microcrystalline_glass,MG11,11,2025-01-03 06:16:00+00:00,2025-01-03 06:55:00+00:00,1,0,0,0,0
WO_0033,WP_0033,microcrystalline_glass,MG12,12,2025-01-03 07:06:00+00:00,2025-01-03 07:56:00+00:00,1,0,0,0,0
WO_0033,WP_0033,microcrystalline_glass,MG13,13,2025-01-03 08:05:00+00:00,2025-01-03 09:29:00+00:00,1,0,0,0,0
WO_0034,WP_0034,single_crystal_silicon,SC01,1,2025-01-02 17:15:00+00:00,2025-01-02 17:35:00+00:00,1,0,0,0,0
WO_0034,WP_0034,single_crystal_silicon,SC02,2,2025-01-02 17:43:00+00:00,2025-01-02 19:14:00+00:00,1,0,0,0,0
WO_0034,WP_0034,single_crystal_silicon,SC03,3,2025-01-02 19:26:00+00:00,2025-01-02 19:59:00+00:00,1,0,0,0,0
WO_0034,WP_0034,single_crystal_silicon,SC04,4,2025-01-02 20:08:00+00:00,2025-01-02 21:21:00+00:00,1,0,0,0,0
WO_0034,WP_0034,single_crystal_silicon,SC05,5,2025-01-02 21:31:00+00:00,2025-01-02 21:57:00+00:00,1,0,0,0,0
WO_0034,WP_0034,single_crystal_silicon,SC06,6,2025-01-02 22:00:00+00:00,2025-01-02 23:30:00+00:00,1,0,0,0,0
WO_0034,WP_0034,single_crystal_silicon,SC07,7,2025-01-02 23:43:00+00:00,2025-01-03 00:14:00+00:00,1,0,0,0,0
WO_0034,WP_0034,single_crystal_silicon,SC08,8,2025-01-03 00:29:00+00:00,2025-01-03 02:01:00+00:00,1,0,0,0,0
WO_0034,WP_0034,single_crystal_silicon,SC09,9,2025-01-03 02:14:00+00:00,2025-01-03 02:38:00+00:00,1,0,0,0,0
WO_0034,WP_0034,single_crystal_silicon,SC10,10,2025-01-03 02:41:00+00:00,2025-01-03 03:24:00+00:00,1,0,0,0,0
WO_0034,WP_0034,single_crystal_silicon,SC11,11,2025-01-03 03:28:00+00:00,2025-01-03 04:22:00+00:00,1,0,0,0,0
WO_0034,WP_0034,single_crystal_silicon,SC12,12,2025-01-03 04:31:00+00:00,2025-01-03 04:55:00+00:00,1,0,0,0,0
WO_0034,WP_0034,single_crystal_silicon,SC13,13,2025-01-03 05:05:00+00:00,2025-01-03 05:48:00+00:00,1,0,0,0,0
WO_0034,WP_0034,single_crystal_silicon,SC14,14,2025-01-03 06:00:00+00:00,2025-01-03 06:20:00+00:00,1,0,0,0,0
WO_0034,WP_0034,single_crystal_silicon,SC15,15,2025-01-03 06:29:00+00:00,2025-01-03 07:48:00+00:00,1,0,0,0,0
WO_0035,WP_0035,chalcogenide_glass,CG01,1,2025-01-02 18:30:00+00:00,2025-01-02 19:45:00+00:00,1,0,0,0,0
WO_0035,WP_0035,chalcogenide_glass,CG02,2,2025-01-02 19:57:00+00:00,2025-01-02 21:16:00+00:00,1,0,0,0,0
WO_0035,WP_0035,chalcogenide_glass,CG03,3,2025-01-02 21:23:00+00:00,2025-01-02 22:01:00+00:00,1,0,0,0,0
WO_0035,WP_0035,chalcogenide_glass,CG04,4,2025-01-02 22:05:00+00:00,2025-01-02 22:46:00+00:00,1,0,0,0,0
WO_0035,WP_0035,chalcogenide_glass,CG05,5,2025-01-02 22:48:00+00:00,2025-01-02 23:46:00+00:00,1,0,0,0,0
WO_0035,WP_0035,chalcogenide_glass,CG06,6,2025-01-02 23:53:00+00:00,2025-01-03 01:28:00+00:00,1,0,0,0,0
WO_0035,WP_0035,chalcogenide_glass,CG07,7,2025-01-03 01:43:00+00:00,2025-01-03 02:04:00+00:00,1,0,0,0,0
WO_0035,WP_0035,chalcogenide_glass,CG08,8,2025-01-03 02:14:00+00:00,2025-01-03 02:58:00+00:00,1,0,0,0,0
WO_0035,WP_0035,chalcogenide_glass,CG09,9,2025-01-03 03:06:00+00:00,2025-01-03 03:26:00+00:00,1,0,0,0,0
WO_0035,WP_0035,chalcogenide_glass,CG10,10,2025-01-03 03:35:00+00:00,2025-01-03 05:08:00+00:00,1,0,0,0,0
WO_0036,WP_0036,microcrystalline_glass,MG01,1,2025-01-02 19:45:00+00:00,2025-01-02 20:36:00+00:00,1,0,0,0,0
WO_0036,WP_0036,microcrystalline_glass,MG02,2,2025-01-02 20:49:00+00:00,2025-01-02 21:45:00+00:00,1,0,0,0,0
WO_0036,WP_0036,microcrystalline_glass,MG03,3,2025-01-02 21:51:00+00:00,2025-01-02 22:24:00+00:00,1,0,0,0,0
WO_0036,WP_0036,microcrystalline_glass,MG04,4,2025-01-02 22:36:00+00:00,2025-01-02 22:58:00+00:00,1,0,0,0,0
WO_0036,WP_0036,microcrystalline_glass,MG05,5,2025-01-02 23:07:00+00:00,2025-01-03 00:36:00+00:00,1,0,0,0,0
WO_0036,WP_0036,microcrystalline_glass,MG06,6,2025-01-03 00:47:00+00:00,2025-01-03 01:32:00+00:00,1,0,0,0,0
WO_0036,WP_0036,microcrystalline_glass,MG07,7,2025-01-03 01:32:00+00:00,2025-01-03 02:04:00+00:00,1,0,0,0,0
WO_0036,WP_0036,microcrystalline_glass,MG08,8,2025-01-03 02:15:00+00:00,2025-01-03 03:16:00+00:00,1,0,0,0,0
WO_0036,WP_0036,microcrystalline_glass,MG09,9,2025-01-03 03:18:00+00:00,2025-01-03 03:55:00+00:00,1,0,0,0,0
WO_0036,WP_0036,microcrystalline_glass,MG10,10,2025-01-03 04:08:00+00:00,2025-01-03 04:34:00+00:00,1,0,0,0,0
WO_0036,WP_0036,microcrystalline_glass,MG11,11,2025-01-03 04:45:00+00:00,2025-01-03 05:59:00+00:00,1,0,0,0,0
WO_0036,WP_0036,microcrystalline_glass,MG12,12,2025-01-03 06:10:00+00:00,2025-01-03 06:49:00+00:00,1,0,0,0,0
WO_0036,WP_0036,microcrystalline_glass,MG13,13,2025-01-03 06:54:00+00:00,2025-01-03 08:09:00+00:00,1,0,0,0,0
