work_order_id,workpiece_id,product_type,process_code,inspection_time,dimension_error,surface_roughness_ra,curvature_error,thickness_error,quality_result,quality_card_flag,rework_flag,scrap_flag
WO_0001,WP_0001,single_crystal_silicon,SC01,2025-01-01 00:34:00+00:00,0.6004,0.1576,-0.9755,-0.3907,pass,0,0,0
WO_0001,WP_0001,single_crystal_silicon,SC02,2025-01-01 02:00:00+00:00,-0.6824,0.1552,0.3889,0.0198,pass,0,0,0
WO_0001,WP_0001,single_crystal_silicon,SC04,2025-01-01 03:05:00+00:00,0.7028,0.118,-0.0924,-0.2043,pass,0,0,0
WO_0001,WP_0001,single_crystal_silicon,SC06,2025-01-01 05:02:00+00:00,0.2924,0.1365,0.2154,0.6425,pass,0,0,0
WO_0001,WP_0001,single_crystal_silicon,SC08,2025-01-01 06:09:00+00:00,-0.0912,0.0864,-0.4122,0.1952,pass,0,0,0
WO_0001,WP_0001,single_crystal_silicon,SC10,2025-01-01 07:11:00+00:00,0.1857,0.1247,0.1093,0.2614,pass,0,0,0
WO_0001,WP_0001,single_crystal_silicon,SC11,2025-01-01 08:48:00+00:00,0.2313,0.1453,-0.7286,-0.0959,pass,0,0,0
WO_0001,WP_0001,single_crystal_silicon,SC13,2025-01-01 09:53:00+00:00,0.7746,0.0527,-0.1674,0.0488,pass,0,0,0
WO_0001,WP_0001,single_crystal_silicon,SC15,2025-01-01 11:29:00+00:00,0.6864,0.1123,-0.6378,-0.34,rework,0,0,0
WO_0002,WP_0002,chalcogenide_glass,CG01,2025-01-01 02:00:00+00:00,0.5524,0.1029,0.0793,0.1877,pass,0,0,0
WO_0002,WP_0002,chalcogenide_glass,CG02,2025-01-01 03:28:00+00:00,-0.2904,0.1047,-0.5979,0.1461,pass,0,0,0
WO_0002,WP_0002,chalcogenide_glass,CG03,2025-01-01 04:36:00+00:00,0.3572,0.1466,-0.0492,-0.127,pass,0,0,0
WO_0002,WP_0002,chalcogenide_glass,CG04,2025-01-01 05:29:00+00:00,-1.0582,0.0801,0.1999,-0.2716,pass,0,0,0
WO_0002,WP_0002,chalcogenide_glass,CG05,2025-01-01 07:18:00+00:00,0.59,0.0827,-0.1027,-0.285,pass,0,0,0
WO_0002,WP_0002,chalcogenide_glass,CG06,2025-01-01 08:17:00+00:00,0.3475,0.1295,-0.2971,-0.4338,pass,0,0,0
WO_0002,WP_0002,chalcogenide_glass,CG07,2025-01-01 09:41:00+00:00,0.0175,0.1841,-0.1197,-0.307,pass,0,0,0
WO_0002,WP_0002,chalcogenide_glass,CG08,2025-01-01 10:12:00+00:00,0.6681,0.1343,0.7317,-0.3566,pass,0,0,0
WO_0002,WP_0002,chalcogenide_glass,CG10,2025-01-01 11:50:00+00:00,-0.1778,0.0612,-0.5078,0.0941,pass,0,0,0
WO_0003,WP_0003,microcrystalline_glass,MG01,2025-01-01 03:45:00+00:00,-0.7916,0.0347,0.1339,-0.2439,pass,0,0,0
WO_0003,WP_0003,microcrystalline_glass,MG02,2025-01-01 05:20:00+00:00,0.8528,0.1263,-0.0793,-0.3107,pass,0,0,0
WO_0003,WP_0003,microcrystalline_glass,MG03,2025-01-01 06:35:00+00:00,0.2245,0.1907,0.0651,0.2948,pass,0,0,0
WO_0003,WP_0003,microcrystalline_glass,MG04,2025-01-01 08:15:00+00:00,-0.5802,0.2051,-0.4107,0.2515,pass,0,0,0
WO_0003,WP_0003,microcrystalline_glass,MG05,2025-01-01 08:59:00+00:00,-0.1253,0.1184,-0.3274,0.1338,rework,0,0,0
WO_0003,WP_0003,microcrystalline_glass,MG06,2025-01-01 09:53:00+00:00,0.1381,0.1832,0.08,-0.0356,pass,0,0,0
WO_0003,WP_0003,microcrystalline_glass,MG07,2025-01-01 10:55:00+00:00,-0.3287,0.1643,0.2144,0.4607,pass,0,0,0
WO_0003,WP_0003,microcrystalline_glass,MG08,2025-01-01 11:31:00+00:00,1.3207,0.1889,-0.0898,-0.115,pass,0,0,0
WO_0003,WP_0003,microcrystalline_glass,MG09,2025-01-01 12:51:00+00:00,-0.7158,0.1457,-0.1973,-0.0015,pass,0,0,0
WO_0003,WP_0003,microcrystalline_glass,MG10,2025-01-01 14:26:00+00:00,0.0725,0.1458,-1.0251,-0.0146,pass,0,0,0
WO_0003,WP_0003,microcrystalline_glass,MG11,2025-01-01 15:53:00+00:00,-0.2673,0.1566,-0.6632,0.0092,pass,0,0,0
WO_0003,WP_0003,microcrystalline_glass,MG12,2025-01-01 17:01:00+00:00,-0.2621,0.1601,0.2691,0.4012,pass,0,0,0
WO_0003,WP_0003,microcrystalline_glass,MG13,2025-01-01 18:46:00+00:00,0.194,0.1271,-0.5422,0.0271,pass,0,0,0
WO_0004,WP_0004,single_crystal_silicon,SC01,2025-01-01 05:25:00+00:00,-0.6826,0.1085,-0.7317,-0.1772,rework,0,0,0
WO_0004,WP_0004,single_crystal_silicon,SC02,2025-01-01 06:05:00+00:00,-0.5233,0.0341,-0.0813,-0.3187,pass,0,0,0
WO_0004,WP_0004,single_crystal_silicon,SC04,2025-01-01 07:33:00+00:00,-0.0754,0.0497,-0.7335,0.6388,pass,0,0,0
WO_0004,WP_0004,single_crystal_silicon,SC06,2025-01-01 08:51:00+00:00,-0.2946,0.1337,0.8643,-0.2961,pass,0,0,0
WO_0004,WP_0004,single_crystal_silicon,SC08,2025-01-01 10:15:00+00:00,-1.0999,0.1105,-0.1332,0.0697,rework,0,0,0
WO_0004,WP_0004,single_crystal_silicon,SC10,2025-01-01 11:49:00+00:00,0.0425,0.12,-0.3608,0.0949,pass,0,0,0
WO_0004,WP_0004,single_crystal_silicon,SC11,2025-01-01 12:33:00+00:00,1.2587,0.1354,-0.3815,-0.3337,pass,0,0,0
WO_0004,WP_0004,single_crystal_silicon,SC13,2025-01-01 13:36:00+00:00,0.3635,0.0756,-0.2358,0.0791,pass,0,0,0
WO_0004,WP_0004,single_crystal_silicon,SC15,2025-01-01 15:21:00+00:00,1.1772,0.0173,-0.1184,0.053,pass,0,0,0
WO_0005,WP_0005,chalcogenide_glass,CG01,2025-01-01 05:53:00+00:00,1.3819,0.0586,0.4319,-0.0986,pass,0,0,0
WO_0005,WP_0005,chalcogenide_glass,CG02,2025-01-01 06:32:00+00:00,1.04,0.1433,0.8662,0.3532,pass,0,0,0
WO_0005,WP_0005,chalcogenide_glass,CG03,2025-01-01 08:16:00+00:00,0.6624,0.1081,0.0333,-0.2092,pass,0,0,0
WO_0005,WP_0005,chalcogenide_glass,CG04,2025-01-01 08:46:00+00:00,-0.1525,0.1668,0.3754,0.5462,pass,0,0,0
WO_0005,WP_0005,chalcogenide_glass,CG05,2025-01-01 10:00:00+00:00,-0.9376,0.0993,0.7556,0.1913,pass,0,0,0
WO_0005,WP_0005,chalcogenide_glass,CG06,2025-01-01 11:36:00+00:00,-0.9732,0.0932,0.156,0.3466,pass,0,0,0
WO_0005,WP_0005,chalcogenide_glass,CG07,2025-01-01 12:42:00+00:00,0.0576,0.1366,0.8081,-0.619,pass,0,0,0
WO_0005,WP_0005,chalcogenide_glass,CG08,2025-01-01 14:19:00+00:00,1.1808,0.1347,0.4233,-0.1713,pass,0,0,0
WO_0005,WP_0005,chalcogenide_glass,CG10,2025-01-01 16:33:00+00:00,-0.6907,0.1141,-0.0763,0.115,pass,0,0,0
WO_0006,WP_0006,microcrystalline_glass,MG01,2025-01-01 07:13:00+00:00,1.1852,0.0903,-0.4111,0.0607,pass,0,0,0
WO_0006,WP_0006,microcrystalline_glass,MG02,2025-01-01 08:14:00+00:00,0.6854,0.1537,0.2771,0.6983,pass,0,0,0
WO_0006,WP_0006,microcrystalline_glass,MG03,2025-01-01 08:49:00+00:00,-0.3662,0.1243,0.6548,-0.4807,pass,0,0,0
WO_0006,WP_0006,microcrystalline_glass,MG04,2025-01-01 09:54:00+00:00,0.3517,0.141,0.1381,-0.4238,pass,0,0,0
WO_0006,WP_0006,microcrystalline_glass,MG05,2025-01-01 11:28:00+00:00,0.3675,0.1481,0.0691,0.228,pass,0,0,0
WO_0006,WP_0006,microcrystalline_glass,MG06,2025-01-01 11:56:00+00:00,-0.1437,0.1279,0.4103,-0.1181,pass,0,0,0
WO_0006,WP_0006,microcrystalline_glass,MG07,2025-01-01 12:22:00+00:00,0.6636,0.0403,-0.6482,-0.4447,pass,0,0,0
WO_0006,WP_0006,microcrystalline_glass,MG08,2025-01-01 12:56:00+00:00,-0.2279,0.1279,0.5446,0.3983,rework,0,0,0
WO_0006,WP_0006,microcrystalline_glass,MG09,2025-01-01 13:34:00+00:00,-0.0785,0.1741,0.0461,-0.2512,pass,0,0,0
WO_0006,WP_0006,microcrystalline_glass,MG10,2025-01-01 14:57:00+00:00,-0.2864,0.1521,0.8604,-0.4147,rework,0,0,0
WO_0006,WP_0006,microcrystalline_glass,MG11,2025-01-01 16:05:00+00:00,-0.1049,0.0468,0.4641,-0.1815,pass,0,0,0
WO_0006,WP_0006,microcrystalline_glass,MG12,2025-01-01 17:51:00+00:00,0.3423,0.1124,0.1643,0.1086,pass,0,0,0
WO_0006,WP_0006,microcrystalline_glass,MG13,2025-01-01 18:44:00+00:00,0.8538,0.1067,0.5573,0.115,pass,0,0,0
WO_0007,WP_0007,single_crystal_silicon,SC01,2025-01-01 09:02:00+00:00,0.0555,0.1264,0.5381,-0.2537,pass,0,0,0
WO_0007,WP_0007,single_crystal_silicon,SC02,2025-01-01 10:05:00+00:00,-0.6667,0.0564,-1.0365,-0.3352,rework,0,0,0
WO_0007,WP_0007,single_crystal_silicon,SC04,2025-01-01 11:02:00+00:00,0.2782,0.1037,-0.1422,0.0556,pass,0,0,0
WO_0007,WP_0007,single_crystal_silicon,SC06,2025-01-01 12:09:00+00:00,2.0781,0.1289,0.7166,0.0275,pass,0,0,0
WO_0007,WP_0007,single_crystal_silicon,SC08,2025-01-01 13:40:00+00:00,-0.6812,0.1466,0.5426,0.11,pass,0,0,0
WO_0007,WP_0007,single_crystal_silicon,SC10,2025-01-01 15:29:00+00:00,-0.2685,0.0404,-0.7475,0.4092,pass,0,0,0
WO_0007,WP_0007,single_crystal_silicon,SC11,2025-01-01 16:20:00+00:00,-2.3716,0.0983,1.2102,0.1305,pass,0,0,0
WO_0007,WP_0007,single_crystal_silicon,SC13,2025-01-01 18:25:00+00:00,-0.0689,0.1516,0.1723,0.2005,pass,0,0,0
WO_0007,WP_0007,single_crystal_silicon,SC15,2025-01-01 20:44:00+00:00,1.0686,0.1123,0.7019,-0.1328,pass,0,0,0
WO_0008,WP_0008,chalcogenide_glass,CG01,2025-01-01 10:06:00+00:00,1.2518,0.1055,-0.4706,-0.1346,rework,0,0,0
WO_0008,WP_0008,chalcogenide_glass,CG02,2025-01-01 10:49:00+00:00,-0.431,0.1659,-1.1971,-0.236,pass,0,0,0
WO_0008,WP_0008,chalcogenide_glass,CG03,2025-01-01 12:30:00+00:00,-0.1434,0.1099,-0.0796,0.061,pass,0,0,0
WO_0008,WP_0008,chalcogenide_glass,CG04,2025-01-01 13:42:00+00:00,0.308,0.1423,0.1482,0.6105,pass,0,0,0
WO_0008,WP_0008,chalcogenide_glass,CG05,2025-01-01 15:22:00+00:00,-0.8258,0.0702,-0.4444,-0.0212,pass,0,0,0
WO_0008,WP_0008,chalcogenide_glass,CG06,2025-01-01 16:36:00+00:00,0.7201,0.1496,-0.0798,-0.1959,pass,0,0,0
WO_0008,WP_0008,chalcogenide_glass,CG07,2025-01-01 17:27:00+00:00,-0.0544,0.1305,-0.4498,0.057,pass,0,0,0
WO_0008,WP_0008,chalcogenide_glass,CG08,2025-01-01 18:47:00+00:00,-0.202,0.1345,-1.205,-0.3469,pass,0,0,0
WO_0008,WP_0008,chalcogenide_glass,CG10,2025-01-01 20:47:00+00:00,-0.67,0.1294,0.8056,-0.3667,pass,0,0,0
WO_0009,WP_0009,microcrystalline_glass,MG01,2025-01-01 11:43:00+00:00,-1.3214,0.0688,-0.2118,-0.1562,pass,0,0,0
WO_0009,WP_0009,microcrystalline_glass,MG02,2025-01-01 13:16:00+00:00,0.4123,0.0969,0.6372,-0.1883,pass,0,0,0
WO_0009,WP_0009,microcrystalline_glass,MG03,2025-01-01 14:08:00+00:00,0.3585,0.0526,0.269,-0.3103,pass,0,0,0
WO_0009,WP_0009,microcrystalline_glass,MG04,2025-01-01 15:41:00+00:00,-0.6453,0.0687,0.3569,0.0725,pass,0,0,0
WO_0009,WP_0009,microcrystalline_glass,MG05,2025-01-01 16:16:00+00:00,0.0257,0.1308,-0.3098,0.1413,pass,0,0,0
WO_0009,WP_0009,microcrystalline_glass,MG06,2025-01-01 17:44:00+00:00,-0.8325,0.0235,0.8055,0.7648,pass,0,0,0
WO_0009,WP_0009,microcrystalline_glass,MG07,2025-01-01 19:09:00+00:00,-0.229,0.1124,-0.5567,0.1739,pass,0,0,0
WO_0009,WP_0009,microcrystalline_glass,MG08,2025-01-01 20:11:00+00:00,1.6421,0.1269,-0.1687,-0.0426,pass,0,0,0
WO_0009,WP_0009,microcrystalline_glass,MG09,2025-01-01 21:00:00+00:00,-1.3845,0.1266,-0.1952,0.5543,pass,0,0,0
WO_0009,WP_0009,microcrystalline_glass,MG10,2025-01-01 21:32:00+00:00,0.4698,0.1328,-0.4345,0.0532,pass,0,0,0
WO_0009,WP_0009,microcrystalline_glass,MG11,2025-01-01 22:36:00+00:00,-0.0141,0.0839,-0.1712,-0.0245,pass,0,0,0
WO_0009,WP_0009,microcrystalline_glass,MG12,2025-01-01 23:54:00+00:00,-0.4182,0.0174,0.3924,0.0817,pass,0,0,0
WO_0009,WP_0009,microcrystalline_glass,MG13,2025-01-02 01:29:00+00:00,0.2795,0.2153,0.2101,0.1163,pass,0,0,0
WO_0010,WP_0010,single_crystal_silicon,SC01,2025-01-01 12:15:00+00:00,1.0014,0.0991,-0.2177,-0.1437,pass,0,0,0
WO_0010,WP_0010,single_crystal_silicon,SC02,2025-01-01 12:51:00+00:00,-0.3398,0.1326,-0.1229,0.2856,pass,0,0,0
WO_0010,WP_0010,single_crystal_silicon,SC04,2025-01-01 13:47:00+00:00,-0.7321,0.112,0.5565,-0.0735,pass,0,0,0
WO_0010,WP_0010,single_crystal_silicon,SC06,2025-01-01 15:33:00+00:00,0.4468,0.1111,0.3237,-0.0041,pass,0,0,0
WO_0010,WP_0010,single_crystal_silicon,SC08,2025-01-01 17:10:00+00:00,-1.2508,0.1474,-0.1755,-0.3067,pass,0,0,0
WO_0010,WP_0010,single_crystal_silicon,SC10,2025-01-01 18:44:00+00:00,1.1689,0.1313,0.3837,-0.342,pass,0,0,0
WO_0010,WP_0010,single_crystal_silicon,SC11,2025-01-01 20:05:00+00:00,0.439,0.1125,0.1391,0.0474,pass,0,0,0
WO_0010,WP_0010,single_crystal_silicon,SC13,2025-01-01 21:34:00+00:00,0.9502,0.0792,-0.9299,0.0297,pass,0,0,0
WO_0010,WP_0010,single_crystal_silicon,SC15,2025-01-01 23:40:00+00:00,0.0092,0.108,-0.5075,0.6146,pass,0,0,0
WO_0011,WP_0011,chalcogenide_glass,CG01,2025-01-01 13:49:00+00:00,0.5117,0.1377,0.6248,0.1906,pass,0,0,0
WO_0011,WP_0011,chalcogenide_glass,CG02,2025-01-01 15:23:00+00:00,-1.4269,0.1233,-0.2781,-0.384,pass,0,0,0
WO_0011,WP_0011,chalcogenide_glass,CG03,2025-01-01 16:17:00+00:00,0.2042,0.174,0.006,0.0608,pass,0,0,0
WO_0011,WP_0011,chalcogenide_glass,CG04,2025-01-01 16:49:00+00:00,-1.0421,0.118,-0.0399,0.5393,pass,0,0,0
WO_0011,WP_0011,chalcogenide_glass,CG05,2025-01-01 17:48:00+00:00,0.0354,0.1119,-0.5412,-0.0453,rework,0,0,0
WO_0011,WP_0011,chalcogenide_glass,CG06,2025-01-01 18:50:00+00:00,0.313,0.0485,-0.0613,0.2987,pass,0,0,0
WO_0011,WP_0011,chalcogenide_glass,CG07,2025-01-01 20:29:00+00:00,-0.676,0.0767,0.1723,0.1138,pass,0,0,0
WO_0011,WP_0011,chalcogenide_glass,CG08,2025-01-01 21:54:00+00:00,-0.9954,0.1072,0.1086,-0.0606,pass,0,0,0
WO_0011,WP_0011,chalcogenide_glass,CG10,2025-01-02 00:05:00+00:00,-0.3216,0.1298,0.1366,-0.3418,pass,0,0,0
WO_0012,WP_0012,microcrystalline_glass,MG01,2025-01-01 14:29:00+00:00,0.2546,0.0735,-1.0583,-0.5586,pass,0,0,0
WO_0012,WP_0012,microcrystalline_glass,MG02,2025-01-01 15:27:00+00:00,0.9714,0.0131,0.198,0.4684,pass,0,0,0
WO_0012,WP_0012,microcrystalline_glass,MG03,2025-01-01 17:13:00+00:00,-0.7155,0.1069,0.7137,0.5512,rework,0,0,0
WO_0012,WP_0012,microcrystalline_glass,MG04,2025-01-01 18:58:00+00:00,1.403,0.1163,0.0655,0.1096,pass,0,0,0
WO_0012,WP_0012,microcrystalline_glass,MG05,2025-01-01 20:11:00+00:00,0.7752,0.1055,-0.2449,0.2726,pass,0,0,0
WO_0012,WP_0012,microcrystalline_glass,MG06,2025-01-01 21:07:00+00:00,0.2693,0.137,-0.9685,0.2,pass,0,0,0
WO_0012,WP_0012,microcrystalline_glass,MG07,2025-01-01 21:43:00+00:00,0.0672,0.0923,0.4155,-0.4027,pass,0,0,0
WO_0012,WP_0012,microcrystalline_glass,MG08,2025-01-01 22:42:00+00:00,0.2231,0.0797,0.3621,0.0189,pass,0,0,0
WO_0012,WP_0012,microcrystalline_glass,MG09,2025-01-01 23:16:00+00:00,-0.1768,0.1159,-0.014,0.0677,pass,0,0,0
WO_0012,WP_0012,microcrystalline_glass,MG10,2025-01-02 01:07:00+00:00,-0.8747,0.1316,0.6225,-0.1294,pass,0,0,0
WO_0012,WP_0012,microcrystalline_glass,MG11,2025-01-02 02:45:00+00:00,-0.4462,0.1037,0.0193,-0.0935,pass,0,0,0
WO_0012,WP_0012,microcrystalline_glass,MG12,2025-01-02 04:02:00+00:00,0.3831,0.0586,0.1948,0.0308,pass,0,0,0
WO_0012,WP_0012,microcrystalline_glass,MG13,2025-01-02 04:49:00+00:00,1.6482,0.111,-0.6385,0.021,pass,0,0,0
WO_0013,WP_0013,single_crystal_silicon,SC01,2025-01-01 16:10:00+00:00,-0.4977,0.1595,0.5788,0.4309,pass,0,0,0
WO_0013,WP_0013,single_crystal_silicon,SC02,2025-01-01 17:31:00+00:00,-0.2543,0.0853,0.0596,-0.1714,pass,0,0,0
WO_0013,WP_0013,single_crystal_silicon,SC04,2025-01-01 18:57:00+00:00,0.0606,0.1202,0.2242,0.3496,pass,0,0,0
WO_0013,WP_0013,single_crystal_silicon,SC06,2025-01-01 20:54:00+00:00,0.7522,0.1546,0.1058,0.2659,pass,0,0,0
WO_0013,WP_0013,single_crystal_silicon,SC08,2025-01-01 22:28:00+00:00,-2.3445,0.1353,-1.8242,-0.517,pass,0,0,0
WO_0013,WP_0013,single_crystal_silicon,SC10,2025-01-02 00:23:00+00:00,-0.3872,0.2097,-0.001,0.1224,pass,0,0,0
WO_0013,WP_0013,single_crystal_silicon,SC11,2025-01-02 01:08:00+00:00,-0.0878,0.1186,-0.6824,-0.0767,rework,0,0,0
WO_0013,WP_0013,single_crystal_silicon,SC13,2025-01-02 02:38:00+00:00,0.1785,0.1447,-0.4999,-0.3125,pass,0,0,0
WO_0013,WP_0013,single_crystal_silicon,SC15,2025-01-02 03:40:00+00:00,-1.2246,0.1292,0.3678,0.1123,rework,0,0,0
WO_0014,WP_0014,chalcogenide_glass,CG01,2025-01-01 17:17:00+00:00,-0.2421,0.1007,0.4353,0.4438,pass,0,0,0
WO_0014,WP_0014,chalcogenide_glass,CG02,2025-01-01 18:44:00+00:00,0.2822,0.1507,0.0606,0.0392,pass,0,0,0
WO_0014,WP_0014,chalcogenide_glass,CG03,2025-01-01 19:59:00+00:00,-0.3316,0.1454,0.0015,0.1021,pass,0,0,0
WO_0014,WP_0014,chalcogenide_glass,CG04,2025-01-01 21:19:00+00:00,0.3031,0.0706,0.7212,-0.1502,pass,0,0,0
WO_0014,WP_0014,chalcogenide_glass,CG05,2025-01-01 22:11:00+00:00,0.0417,0.109,-0.1684,0.1859,pass,0,0,0
WO_0014,WP_0014,chalcogenide_glass,CG06,2025-01-01 23:51:00+00:00,0.4929,0.0357,-0.1822,-0.6541,pass,0,0,0
WO_0014,WP_0014,chalcogenide_glass,CG07,2025-01-02 01:04:00+00:00,0.9501,0.1281,-0.2502,0.1455,pass,0,0,0
WO_0014,WP_0014,chalcogenide_glass,CG08,2025-01-02 02:46:00+00:00,-0.4462,0.1522,0.3387,-0.2864,pass,0,0,0
WO_0014,WP_0014,chalcogenide_glass,CG10,2025-01-02 04:12:00+00:00,-0.4301,0.1417,-0.4778,0.1313,pass,0,0,0
WO_0015,WP_0015,microcrystalline_glass,MG01,2025-01-01 18:09:00+00:00,-1.1019,0.1789,0.0749,0.1234,pass,0,0,0
WO_0015,WP_0015,microcrystalline_glass,MG02,2025-01-01 19:11:00+00:00,1.1632,0.1017,0.5661,-0.1933,rework,0,0,0
WO_0015,WP_0015,microcrystalline_glass,MG03,2025-01-01 19:40:00+00:00,1.1561,0.1169,-0.0984,-0.3344,pass,0,0,0
WO_0015,WP_0015,microcrystalline_glass,MG04,2025-01-01 20:45:00+00:00,0.1814,0.1728,1.4046,-0.176,pass,0,0,0
WO_0015,WP_0015,microcrystalline_glass,MG05,2025-01-01 22:05:00+00:00,0.3461,0.1225,0.0552,-0.1225,pass,0,0,0
WO_0015,WP_0015,microcrystalline_glass,MG06,2025-01-01 23:29:00+00:00,-0.2214,0.0962,0.0043,0.2385,pass,0,0,0
WO_0015,WP_0015,microcrystalline_glass,MG07,2025-01-01 23:52:00+00:00,-0.0537,0.1832,0.2473,0.2921,pass,0,0,0
WO_0015,WP_0015,microcrystalline_glass,MG08,2025-01-02 00:41:00+00:00,0.4787,0.1408,-0.5487,0.2102,pass,0,0,0
WO_0015,WP_0015,microcrystalline_glass,MG09,2025-01-02 02:27:00+00:00,0.6722,0.1795,-0.1358,-0.3457,pass,0,0,0
WO_0015,WP_0015,microcrystalline_glass,MG10,2025-01-02 03:15:00+00:00,0.9069,0.1055,0.176,-0.2966,rework,0,0,0
WO_0015,WP_0015,microcrystalline_glass,MG11,2025-01-02 03:57:00+00:00,-0.1887,0.1126,-0.1351,0.5314,pass,0,0,0
WO_0015,WP_0015,microcrystalline_glass,MG12,2025-01-02 04:20:00+00:00,-0.7154,0.1095,-0.3429,0.4145,pass,0,0,0
WO_0015,WP_0015,microcrystalline_glass,MG13,2025-01-02 05:35:00+00:00,0.0298,0.1164,0.0019,0.5156,pass,0,0,0
WO_0016,WP_0016,single_crystal_silicon,SC01,2025-01-01 19:23:00+00:00,0.0116,0.1476,0.2365,-0.1153,pass,0,0,0
WO_0016,WP_0016,single_crystal_silicon,SC02,2025-01-01 20:51:00+00:00,0.7701,0.1309,-0.2807,0.2093,pass,0,0,0
WO_0016,WP_0016,single_crystal_silicon,SC04,2025-01-01 23:11:00+00:00,-0.9497,0.1055,-0.1273,-0.4522,pass,0,0,0
WO_0016,WP_0016,single_crystal_silicon,SC06,2025-01-02 01:05:00+00:00,-0.2909,0.074,-0.9541,-0.0351,pass,0,0,0
WO_0016,WP_0016,single_crystal_silicon,SC08,2025-01-02 02:51:00+00:00,0.293,0.1367,-0.6602,0.2564,pass,0,0,0
WO_0016,WP_0016,single_crystal_silicon,SC10,2025-01-02 03:53:00+00:00,0.2923,0.1445,-0.0705,0.4595,pass,0,0,0
WO_0016,WP_0016,single_crystal_silicon,SC11,2025-01-02 05:32:00+00:00,1.547,0.1984,-0.614,-0.278,pass,0,0,0
WO_0016,WP_0016,single_crystal_silicon,SC13,2025-01-02 06:46:00+00:00,-0.0819,0.094,-0.3371,-0.2137,rework,0,0,0
WO_0016,WP_0016,single_crystal_silicon,SC15,2025-01-02 08:24:00+00:00,-0.1488,0.0915,-1.3259,-0.4134,pass,0,0,0
WO_0017,WP_0017,chalcogenide_glass,CG01,2025-01-01 20:51:00+00:00,-0.0355,0.1716,0.2055,0.2348,rework,0,0,0
WO_0017,WP_0017,chalcogenide_glass,CG02,2025-01-01 21:32:00+00:00,-0.4613,0.1424,0.2831,-0.1649,pass,0,0,0
WO_0017,WP_0017,chalcogenide_glass,CG03,2025-01-01 22:24:00+00:00,-1.8279,0.1235,0.1635,-0.2378,pass,0,0,0
WO_0017,WP_0017,chalcogenide_glass,CG04,2025-01-01 23:40:00+00:00,1.2415,0.1711,-0.5006,0.5051,pass,0,0,0
WO_0017,WP_0017,chalcogenide_glass,CG05,2025-01-02 00:44:00+00:00,-0.3297,0.0477,-0.0858,-0.4678,pass,0,0,0
WO_0017,WP_0017,chalcogenide_glass,CG06,2025-01-02 02:29:00+00:00,0.2416,0.091,-0.3142,0.2323,pass,0,0,0
WO_0017,WP_0017,chalcogenide_glass,CG07,2025-01-02 03:35:00+00:00,0.7995,0.1239,0.3979,-0.1341,pass,0,0,0
WO_0017,WP_0017,chalcogenide_glass,CG08,2025-01-02 04:42:00+00:00,0.5297,0.146,0.2968,0.4611,pass,0,0,0
WO_0017,WP_0017,chalcogenide_glass,CG10,2025-01-02 07:07:00+00:00,-0.4798,0.1848,0.1818,-0.0654,pass,0,0,0
WO_0018,WP_0018,microcrystalline_glass,MG01,2025-01-01 22:45:00+00:00,0.6367,0.1224,0.1252,-0.3979,pass,0,0,0
WO_0018,WP_0018,microcrystalline_glass,MG02,2025-01-01 23:47:00+00:00,0.1358,0.1024,-0.1973,-0.6388,pass,0,0,0
WO_0018,WP_0018,microcrystalline_glass,MG03,2025-01-02 01:34:00+00:00,-0.5291,0.0737,-0.4827,0.016,pass,0,0,0
WO_0018,WP_0018,microcrystalline_glass,MG04,2025-01-02 02:10:00+00:00,0.6031,0.11,-1.2404,-0.2989,pass,0,0,0
WO_0018,WP_0018,microcrystalline_glass,MG05,2025-01-02 03:07:00+00:00,-0.944,0.1522,-0.3376,0.1212,pass,0,0,0
WO_0018,WP_0018,microcrystalline_glass,MG06,2025-01-02 04:39:00+00:00,0.3008,0.0606,0.5952,-0.2282,pass,0,0,0
WO_0018,WP_0018,microcrystalline_glass,MG07,2025-01-02 05:37:00+00:00,0.183,0.1587,0.1465,-0.4767,pass,0,0,0
WO_0018,WP_0018,microcrystalline_glass,MG08,2025-01-02 06:18:00+00:00,-0.8598,0.1551,0.135,0.1236,pass,0,0,0
WO_0018,WP_0018,microcrystalline_glass,MG09,2025-01-02 06:53:00+00:00,2.1686,0.1114,-0.3989,0.1283,rework,0,0,0
WO_0018,WP_0018,microcrystalline_glass,MG10,2025-01-02 08:06:00+00:00,1.8479,0.1331,-0.3661,0.2748,pass,0,0,0
WO_0018,WP_0018,microcrystalline_glass,MG11,2025-01-02 08:41:00+00:00,-1.0335,0.1341,0.9565,0.1399,pass,0,0,0
WO_0018,WP_0018,microcrystalline_glass,MG12,2025-01-02 10:22:00+00:00,-0.2032,0.1049,0.4582,-0.52,pass,0,0,0
WO_0018,WP_0018,microcrystalline_glass,MG13,2025-01-02 11:05:00+00:00,-0.9016,0.1731,0.6228,0.2879,pass,0,0,0
WO_0019,WP_0019,single_crystal_silicon,SC01,2025-01-01 23:42:00+00:00,-0.0194,0.1346,0.278,0.0532,pass,0,0,0
WO_0019,WP_0019,single_crystal_silicon,SC02,2025-01-02 00:30:00+00:00,-2.2936,0.1073,-0.0823,-0.5256,pass,0,0,0
WO_0019,WP_0019,single_crystal_silicon,SC04,2025-01-02 02:06:00+00:00,-0.5375,0.1791,-0.2713,0.1387,pass,0,0,0
WO_0019,WP_0019,single_crystal_silicon,SC06,2025-01-02 03:35:00+00:00,-1.1279,0.1673,-0.162,-0.0612,rework,0,0,0
WO_0019,WP_0019,single_crystal_silicon,SC08,2025-01-02 04:49:00+00:00,-0.007,0.1405,-0.2094,0.6689,pass,0,0,0
WO_0019,WP_0019,single_crystal_silicon,SC10,2025-01-02 05:54:00+00:00,0.7964,0.1588,0.014,-0.0652,pass,0,0,0
WO_0019,WP_0019,single_crystal_silicon,SC11,2025-01-02 06:53:00+00:00,0.1451,0.0835,0.4122,0.2763,pass,0,0,0
WO_0019,WP_0019,single_crystal_silicon,SC13,2025-01-02 09:06:00+00:00,-1.3084,0.1295,-0.0417,-0.132,pass,0,0,0
WO_0019,WP_0019,single_crystal_silicon,SC15,2025-01-02 11:08:00+00:00,-1.1125,0.1775,-0.072,0.087,pass,0,0,0
WO_0020,WP_0020,chalcogenide_glass,CG01,2025-01-02 00:49:00+00:00,-0.4746,0.107,0.2549,-0.0316,pass,0,0,0
WO_0020,WP_0020,chalcogenide_glass,CG02,2025-01-02 01:55:00+00:00,1.8397,0.1236,0.8927,0.1072,pass,0,0,0
WO_0020,WP_0020,chalcogenide_glass,CG03,2025-01-02 03:41:00+00:00,0.3678,0.1595,0.0201,-0.3859,pass,0,0,0
WO_0020,WP_0020,chalcogenide_glass,CG04,2025-01-02 04:30:00+00:00,0.0876,0.165,-0.0067,-0.6781,pass,0,0,0
WO_0020,WP_0020,chalcogenide_glass,CG05,2025-01-02 05:17:00+00:00,-1.1657,0.1044,0.8529,0.135,pass,0,0,0
WO_0020,WP_0020,chalcogenide_glass,CG06,2025-01-02 06:57:00+00:00,0.6221,0.0876,0.439,-0.4119,pass,0,0,0
WO_0020,WP_0020,chalcogenide_glass,CG07,2025-01-02 07:42:00+00:00,-0.0181,0.0951,-0.5359,-0.1061,pass,0,0,0
WO_0020,WP_0020,chalcogenide_glass,CG08,2025-01-02 09:14:00+00:00,0.5696,0.0727,-0.2831,-0.1874,pass,0,0,0
WO_0020,WP_0020,chalcogenide_glass,CG10,2025-01-02 10:29:00+00:00,-0.0345,0.1999,0.0662,0.0204,pass,0,0,0
WO_0021,WP_0021,microcrystalline_glass,MG01,2025-01-02 02:35:00+00:00,0.1682,0.0914,0.656,-0.0946,pass,0,0,0
WO_0021,WP_0021,microcrystalline_glass,MG02,2025-01-02 03:52:00+00:00,-0.1873,0.1125,-0.2122,0.3237,pass,0,0,0
WO_0021,WP_0021,microcrystalline_glass,MG03,2025-01-02 05:16:00+00:00,0.4938,0.1422,0.1547,0.2944,pass,0,0,0
WO_0021,WP_0021,microcrystalline_glass,MG04,2025-01-02 07:03:00+00:00,0.5994,0.0525,-0.4651,0.4549,pass,0,0,0
WO_0021,WP_0021,microcrystalline_glass,MG05,2025-01-02 07:37:00+00:00,-0.084,0.1746,-0.1183,-0.5342,pass,0,0,0
WO_0021,WP_0021,microcrystalline_glass,MG06,2025-01-02 08:50:00+00:00,-1.2536,0.091,-0.2909,-0.1096,pass,0,0,0
WO_0021,WP_0021,microcrystalline_glass,MG07,2025-01-02 09:19:00+00:00,0.6172,0.1524,-0.0729,-0.1176,pass,0,0,0
WO_0021,WP_0021,microcrystalline_glass,MG08,2025-01-02 10:14:00+00:00,-0.7522,0.0946,-0.5817,0.0486,pass,0,0,0
WO_0021,WP_0021,microcrystalline_glass,MG09,2025-01-02 12:03:00+00:00,-0.1759,0.1337,-0.0065,-0.4361,pass,0,0,0
WO_0021,WP_0021,microcrystalline_glass,MG10,2025-01-02 13:23:00+00:00,-1.7713,0.1338,0.5948,-0.0459,pass,0,0,0
WO_0021,WP_0021,microcrystalline_glass,MG11,2025-01-02 14:47:00+00:00,-1.2967,0.0262,0.4714,-0.2955,pass,0,0,0
WO_0021,WP_0021,microcrystalline_glass,MG12,2025-01-02 15:51:00+00:00,-0.1391,0.0908,0.189,0.1358,pass,0,0,0
WO_0021,WP_0021,microcrystalline_glass,MG13,2025-01-02 16:37:00+00:00,-0.8541,0.1178,0.5663,0.3794,pass,0,0,0
WO_0022,WP_0022,single_crystal_silicon,SC01,2025-01-02 02:52:00+00:00,0.4065,0.1278,-0.1088,-0.1151,pass,0,0,0
WO_0022,WP_0022,single_crystal_silicon,SC02,2025-01-02 03:37:00+00:00,0.0629,0.0929,0.2661,0.8743,pass,0,0,0
WO_0022,WP_0022,single_crystal_silicon,SC04,2025-01-02 04:40:00+00:00,0.6095,0.167,0.0962,0.3396,pass,0,0,0
WO_0022,WP_0022,single_crystal_silicon,SC06,2025-01-02 06:34:00+00:00,-0.6646,0.1258,-0.0085,0.0849,pass,0,0,0
WO_0022,WP_0022,single_crystal_silicon,SC08,2025-01-02 08:42:00+00:00,-1.1769,0.1401,-1.2071,0.1945,pass,0,0,0
WO_0022,WP_0022,single_crystal_silicon,SC10,2025-01-02 10:26:00+00:00,-0.5553,0.0997,0.6364,0.1609,pass,0,0,0
WO_0022,WP_0022,single_crystal_silicon,SC11,2025-01-02 11:32:00+00:00,0.3108,0.0496,0.3759,0.0386,pass,0,0,0
WO_0022,WP_0022,single_crystal_silicon,SC13,2025-01-02 13:08:00+00:00,-0.557,0.129,0.001,0.0846,pass,0,0,0
WO_0022,WP_0022,single_crystal_silicon,SC15,2025-01-02 15:18:00+00:00,-0.1819,0.0554,0.4943,0.1094,pass,0,0,0
WO_0023,WP_0023,chalcogenide_glass,CG01,2025-01-02 04:33:00+00:00,-0.4302,0.1691,-0.3198,0.1921,pass,0,0,0
WO_0023,WP_0023,chalcogenide_glass,CG02,2025-01-02 06:05:00+00:00,0.6984,0.0986,-0.7863,-0.4146,pass,0,0,0
WO_0023,WP_0023,chalcogenide_glass,CG03,2025-01-02 07:30:00+00:00,0.3282,0.1014,1.1873,-0.5213,rework,0,0,0
WO_0023,WP_0023,chalcogenide_glass,CG04,2025-01-02 08:24:00+00:00,0.1131,0.027,0.1184,0.5709,pass,0,0,0
WO_0023,WP_0023,chalcogenide_glass,CG05,2025-01-02 08:56:00+00:00,-0.1312,0.0968,-1.1379,0.1923,pass,0,0,0
WO_0023,WP_0023,chalcogenide_glass,CG06,2025-01-02 09:41:00+00:00,-0.4669,0.0989,0.3031,-0.4015,pass,0,0,0
WO_0023,WP_0023,chalcogenide_glass,CG07,2025-01-02 10:23:00+00:00,1.5384,0.1651,0.0488,-0.2822,pass,0,0,0
WO_0023,WP_0023,chalcogenide_glass,CG08,2025-01-02 10:51:00+00:00,-0.0727,0.1188,-0.1072,-0.4326,pass,0,0,0
WO_0023,WP_0023,chalcogenide_glass,CG10,2025-01-02 11:52:00+00:00,0.0891,0.1045,0.7387,0.152,pass,0,0,0
WO_0024,WP_0024,microcrystalline_glass,MG01,2025-01-02 06:07:00+00:00,-0.4616,0.1326,-0.2459,0.2679,pass,0,0,0
WO_0024,WP_0024,microcrystalline_glass,MG02,2025-01-02 07:44:00+00:00,-0.4525,0.164,0.3144,0.513,pass,0,0,0
WO_0024,WP_0024,microcrystalline_glass,MG03,2025-01-02 08:56:00+00:00,-0.941,0.0889,-0.315,-0.3171,pass,0,0,0
WO_0024,WP_0024,microcrystalline_glass,MG04,2025-01-02 09:48:00+00:00,0.6737,0.0833,1.4048,-0.1354,pass,0,0,0
WO_0024,WP_0024,microcrystalline_glass,MG05,2025-01-02 10:56:00+00:00,0.8956,0.1319,-0.6734,0.0632,pass,0,0,0
WO_0024,WP_0024,microcrystalline_glass,MG06,2025-01-02 12:19:00+00:00,0.0764,0.0225,-0.4917,0.2063,pass,0,0,0
WO_0024,WP_0024,microcrystalline_glass,MG07,2025-01-02 14:05:00+00:00,0.2412,0.1606,-0.8292,-0.0024,pass,0,0,0
WO_0024,WP_0024,microcrystalline_glass,MG08,2025-01-02 15:37:00+00:00,-0.2606,0.1069,-0.074,-0.169,pass,0,0,0
WO_0024,WP_0024,microcrystalline_glass,MG09,2025-01-02 16:51:00+00:00,-0.2435,0.1036,0.0462,-0.5763,pass,0,0,0
WO_0024,WP_0024,microcrystalline_glass,MG10,2025-01-02 18:03:00+00:00,0.7686,0.0419,-0.9869,0.0821,pass,0,0,0
WO_0024,WP_0024,microcrystalline_glass,MG11,2025-01-02 18:55:00+00:00,0.5315,0.1573,0.242,-0.0782,pass,0,0,0
WO_0024,WP_0024,microcrystalline_glass,MG12,2025-01-02 20:33:00+00:00,0.5156,0.0848,0.3369,0.2582,pass,0,0,0
WO_0024,WP_0024,microcrystalline_glass,MG13,2025-01-02 22:24:00+00:00,0.5978,0.1223,-0.5587,0.1244,pass,0,0,0
WO_0025,WP_0025,single_crystal_silicon,SC01,2025-01-02 07:09:00+00:00,1.1826,0.084,-0.2937,0.0033,pass,0,0,0
WO_0025,WP_0025,single_crystal_silicon,SC02,2025-01-02 08:25:00+00:00,-1.6302,0.1213,-0.5592,-0.1154,pass,0,0,0
WO_0025,WP_0025,single_crystal_silicon,SC04,2025-01-02 10:21:00+00:00,0.3801,0.0923,-0.0843,0.3131,pass,0,0,0
WO_0025,WP_0025,single_crystal_silicon,SC06,2025-01-02 12:05:00+00:00,0.8193,0.1316,0.0786,-0.0627,pass,0,0,0
WO_0025,WP_0025,single_crystal_silicon,SC08,2025-01-02 14:09:00+00:00,-0.493,0.0722,-0.5322,-0.5485,pass,0,0,0
WO_0025,WP_0025,single_crystal_silicon,SC10,2025-01-02 16:21:00+00:00,1.1377,0.1017,0.0507,-0.6024,pass,0,0,0
WO_0025,WP_0025,single_crystal_silicon,SC11,2025-01-02 17:07:00+00:00,-1.249,0.1417,0.5123,-0.235,pass,0,0,0
WO_0025,WP_0025,single_crystal_silicon,SC13,2025-01-02 19:12:00+00:00,0.3624,0.102,-0.5379,-0.1664,pass,0,0,0
WO_0025,WP_0025,single_crystal_silicon,SC15,2025-01-02 20:37:00+00:00,0.0259,0.1259,-0.2349,0.1306,pass,0,0,0
WO_0026,WP_0026,chalcogenide_glass,CG01,2025-01-02 08:19:00+00:00,-2.3337,0.1676,-1.5238,-0.1848,pass,0,0,0
WO_0026,WP_0026,chalcogenide_glass,CG02,2025-01-02 09:03:00+00:00,-0.875,0.1611,-0.9608,0.3387,pass,0,0,0
WO_0026,WP_0026,chalcogenide_glass,CG03,2025-01-02 10:02:00+00:00,-0.8138,0.1546,0.3662,-0.5157,pass,0,0,0
WO_0026,WP_0026,chalcogenide_glass,CG04,2025-01-02 11:49:00+00:00,-1.0801,0.1842,-0.0166,-0.3486,pass,0,0,0
WO_0026,WP_0026,chalcogenide_glass,CG05,2025-01-02 13:11:00+00:00,0.0759,0.0709,-1.0902,-0.1139,pass,0,0,0
WO_0026,WP_0026,chalcogenide_glass,CG06,2025-01-02 14:33:00+00:00,-0.697,0.2,0.0282,0.0736,pass,0,0,0
WO_0026,WP_0026,chalcogenide_glass,CG07,2025-01-02 16:06:00+00:00,-0.8196,0.1563,-0.6013,-0.0859,pass,0,0,0
WO_0026,WP_0026,chalcogenide_glass,CG08,2025-01-02 17:44:00+00:00,-0.2167,0.1106,-0.3672,0.1455,pass,0,0,0
WO_0026,WP_0026,chalcogenide_glass,CG10,2025-01-02 19:05:00+00:00,-0.2454,0.1242,0.8483,-0.4021,pass,0,0,0
WO_0027,WP_0027,microcrystalline_glass,MG01,2025-01-02 09:24:00+00:00,0.3909,0.1268,-0.2802,0.0093,pass,0,0,0
WO_0027,WP_0027,microcrystalline_glass,MG02,2025-01-02 10:03:00+00:00,0.1587,0.0893,-0.4031,-0.4081,pass,0,0,0
WO_0027,WP_0027,microcrystalline_glass,MG03,2025-01-02 11:34:00+00:00,0.7721,0.1235,0.196,0.0912,pass,0,0,0
WO_0027,WP_0027,microcrystalline_glass,MG04,2025-01-02 12:27:00+00:00,-0.3616,0.0934,0.217,0.0756,pass,0,0,0
WO_0027,WP_0027,microcrystalline_glass,MG05,2025-01-02 13:03:00+00:00,-0.8887,0.1676,0.3128,-0.3794,pass,0,0,0
WO_0027,WP_0027,microcrystalline_glass,MG06,2025-01-02 13:46:00+00:00,0.1274,0.1189,-0.3302,0.1746,pass,0,0,0
WO_0027,WP_0027,microcrystalline_glass,MG07,2025-01-02 15:15:00+00:00,0.1039,0.1172,-0.6667,-0.4415,pass,0,0,0
WO_0027,WP_0027,microcrystalline_glass,MG08,2025-01-02 16:24:00+00:00,-0.3825,0.1723,-0.2467,0.1978,rework,0,0,0
WO_0027,WP_0027,microcrystalline_glass,MG09,2025-01-02 17:24:00+00:00,-0.37,0.1599,-0.4968,0.0884,pass,0,0,0
WO_0027,WP_0027,microcrystalline_glass,MG10,2025-01-02 18:20:00+00:00,-0.6108,0.0648,-0.4972,0.1981,pass,0,0,0
WO_0027,WP_0027,microcrystalline_glass,MG11,2025-01-02 18:53:00+00:00,0.6135,0.071,0.5795,0.8572,pass,0,0,0
WO_0027,WP_0027,microcrystalline_glass,MG12,2025-01-02 19:44:00+00:00,-0.3943,0.0476,-0.3014,-0.3279,pass,0,0,0
WO_0027,WP_0027,microcrystalline_glass,MG13,2025-01-02 20:52:00+00:00,0.3038,0.1076,-0.0864,0.2894,rework,0,0,0
WO_0028,WP_0028,single_crystal_silicon,SC01,2025-01-02 11:20:00+00:00,-0.2737,0.0637,-0.9889,-0.0785,rework,0,0,0
WO_0028,WP_0028,single_crystal_silicon,SC02,2025-01-02 12:06:00+00:00,-0.0276,0.1222,-1.078,-0.2745,pass,0,0,0
WO_0028,WP_0028,single_crystal_silicon,SC04,2025-01-02 13:52:00+00:00,0.6217,0.1162,-0.234,-0.1888,pass,0,0,0
WO_0028,WP_0028,single_crystal_silicon,SC06,2025-01-02 16:07:00+00:00,0.0757,0.1514,0.4354,-0.2414,pass,0,0,0
WO_0028,WP_0028,single_crystal_silicon,SC08,2025-01-02 17:28:00+00:00,0.6175,0.1088,-0.256,0.4203,pass,0,0,0
WO_0028,WP_0028,single_crystal_silicon,SC10,2025-01-02 18:47:00+00:00,0.729,0.1279,0.2447,-0.0778,pass,0,0,0
WO_0028,WP_0028,single_crystal_silicon,SC11,2025-01-02 19:40:00+00:00,0.618,0.1422,0.0221,-0.2427,pass,0,0,0
WO_0028,WP_0028,single_crystal_silicon,SC13,2025-01-02 21:03:00+00:00,0.3378,0.1627,0.049,0.7014,pass,0,0,0
WO_0028,WP_0028,single_crystal_silicon,SC15,2025-01-02 22:27:00+00:00,0.677,0.1328,0.6296,-0.0285,pass,0,0,0
WO_0029,WP_0029,chalcogenide_glass,CG01,2025-01-02 11:51:00+00:00,-0.5554,0.0823,0.4683,-0.1093,pass,0,0,0
WO_0029,WP_0029,chalcogenide_glass,CG02,2025-01-02 12:38:00+00:00,-0.6774,0.077,0.1121,0.1803,pass,0,0,0
WO_0029,WP_0029,chalcogenide_glass,CG03,2025-01-02 13:14:00+00:00,-0.5951,0.0991,-0.472,0.3903,pass,0,0,0
WO_0029,WP_0029,chalcogenide_glass,CG04,2025-01-02 14:51:00+00:00,2.2501,0.0516,-0.3692,-0.1849,pass,0,0,0
WO_0029,WP_0029,chalcogenide_glass,CG05,2025-01-02 16:13:00+00:00,-0.9733,0.1334,0.0258,0.1443,rework,0,0,0
WO_0029,WP_0029,chalcogenide_glass,CG06,2025-01-02 17:22:00+00:00,1.6969,0.1294,-0.9312,-0.3007,pass,0,0,0
WO_0029,WP_0029,chalcogenide_glass,CG07,2025-01-02 18:24:00+00:00,-0.3747,0.2004,0.2745,0.2178,rework,0,0,0
WO_0029,WP_0029,chalcogenide_glass,CG08,2025-01-02 19:26:00+00:00,0.1384,0.0457,-0.0902,0.0042,pass,0,0,0
WO_0029,WP_0029,chalcogenide_glass,CG10,2025-01-02 21:34:00+00:00,0.4838,0.1632,-0.1472,-0.1368,pass,0,0,0
WO_0030,WP_0030,microcrystalline_glass,MG01,2025-01-02 12:42:00+00:00,0.6323,0.1592,0.6458,0.5335,pass,0,0,0
WO_0030,WP_0030,microcrystalline_glass,MG02,2025-01-02 13:21:00+00:00,-0.0785,0.094,-0.7428,0.0278,pass,0,0,0
WO_0030,WP_0030,microcrystalline_glass,MG03,2025-01-02 14:53:00+00:00,-0.8797,0.1294,0.0755,0.1738,pass,0,0,0
WO_0030,WP_0030,microcrystalline_glass,MG04,2025-01-02 16:12:00+00:00,-0.862,0.0685,0.7914,-0.277,pass,0,0,0
WO_0030,WP_0030,microcrystalline_glass,MG05,2025-01-02 17:54:00+00:00,-0.722,0.1078,0.6147,-0.2418,pass,0,0,0
WO_0030,WP_0030,microcrystalline_glass,MG06,2025-01-02 18:43:00+00:00,-0.4964,0.0567,-0.3723,-0.0164,pass,0,0,0
WO_0030,WP_0030,microcrystalline_glass,MG07,2025-01-02 20:31:00+00:00,0.5401,0.0247,0.5169,-0.3547,pass,0,0,0
WO_0030,WP_0030,microcrystalline_glass,MG08,2025-01-02 21:34:00+00:00,0.4407,0.0249,-0.3924,0.0415,pass,0,0,0
WO_0030,WP_0030,microcrystalline_glass,MG09,2025-01-02 22:28:00+00:00,0.4868,0.1114,-0.9232,-0.1366,rework,0,0,0
WO_0030,WP_0030,microcrystalline_glass,MG10,2025-01-02 23:01:00+00:00,0.7267,0.1251,-1.5319,-0.3834,pass,0,0,0
WO_0030,WP_0030,microcrystalline_glass,MG11,2025-01-03 00:11:00+00:00,0.9882,0.1205,0.5525,0.0831,pass,0,0,0
WO_0030,WP_0030,microcrystalline_glass,MG12,2025-01-03 01:34:00+00:00,1.8219,0.1588,-0.7902,0.134,rework,0,0,0
WO_0030,WP_0030,microcrystalline_glass,MG13,2025-01-03 03:00:00+00:00,0.932,0.1571,1.2863,-0.225,pass,0,0,0
WO_0031,WP_0031,single_crystal_silicon,SC01,2025-01-02 15:03:00+00:00,-2.2101,0.1026,0.1847,-0.148,pass,0,0,0
WO_0031,WP_0031,single_crystal_silicon,SC02,2025-01-02 15:40:00+00:00,0.2091,0.1531,0.1396,0.4106,pass,0,0,0
WO_0031,WP_0031,single_crystal_silicon,SC04,2025-01-02 17:42:00+00:00,1.7875,0.1092,0.2097,0.3773,pass,0,0,0
WO_0031,WP_0031,single_crystal_silicon,SC06,2025-01-02 18:54:00+00:00,1.1759,0.1268,0.4998,-0.2706,pass,0,0,0
WO_0031,WP_0031,single_crystal_silicon,SC08,2025-01-02 19:55:00+00:00,2.2139,0.1534,0.5247,0.2532,pass,0,0,0
WO_0031,WP_0031,single_crystal_silicon,SC10,2025-01-02 21:36:00+00:00,-0.7758,0.1129,-0.3459,0.4506,pass,0,0,0
WO_0031,WP_0031,single_crystal_silicon,SC11,2025-01-02 22:50:00+00:00,-0.0298,0.1279,-0.5926,-0.6559,pass,0,0,0
WO_0031,WP_0031,single_crystal_silicon,SC13,2025-01-03 00:41:00+00:00,-0.7984,0.1059,0.2402,0.7596,pass,0,0,0
WO_0031,WP_0031,single_crystal_silicon,SC15,2025-01-03 01:54:00+00:00,-0.8805,0.1105,-0.0574,0.4779,pass,0,0,0
WO_0032,WP_0032,chalcogenide_glass,CG01,2025-01-02 16:00:00+00:00,-0.5592,0.1217,-0.0434,-0.0821,pass,0,0,0
WO_0032,WP_0032,chalcogenide_glass,CG02,2025-01-02 17:14:00+00:00,0.5472,0.0954,-0.8044,0.2006,pass,0,0,0
WO_0032,WP_0032,chalcogenide_glass,CG03,2025-01-02 18:48:00+00:00,0.5648,0.0536,0.1544,-0.2662,pass,0,0,0
WO_0032,WP_0032,chalcogenide_glass,CG04,2025-01-02 19:15:00+00:00,-0.5154,0.1435,-0.223,0.2941,pass,0,0,0
WO_0032,WP_0032,chalcogenide_glass,CG05,2025-01-02 20:47:00+00:00,0.4608,0.0854,-0.8237,0.0872,pass,0,0,0
WO_0032,WP_0032,chalcogenide_glass,CG06,2025-01-02 22:29:00+00:00,-0.7208,0.183,-0.8514,-0.4324,pass,0,0,0
WO_0032,WP_0032,chalcogenide_glass,CG07,2025-01-02 23:46:00+00:00,-0.5057,0.1446,-1.1635,-0.5584,pass,0,0,0
WO_0032,WP_0032,chalcogenide_glass,CG08,2025-01-03 00:36:00+00:00,0.0807,0.1654,1.0534,-0.1731,pass,0,0,0
WO_0032,WP_0032,chalcogenide_glass,CG10,2025-01-03 01:54:00+00:00,0.082,0.1103,-0.479,-0.2949,pass,0,0,0
WO_0033,WP_0033,microcrystalline_glass,MG01,2025-01-02 17:47:00+00:00,0.4569,0.0811,0.3698,0.2458,pass,0,0,0
WO_0033,WP_0033,microcrystalline_glass,MG02,2025-01-02 18:32:00+00:00,0.6152,0.1528,-0.2675,-0.1209,pass,0,0,0
WO_0033,WP_0033,microcrystalline_glass,MG03,2025-01-02 19:50:00+00:00,0.0717,0.1598,-0.3023,-0.5527,pass,0,0,0
WO_0033,WP_0033,microcrystalline_glass,MG04,2025-01-02 21:11:00+00:00,-0.1237,0.0724,-0.3514,-0.2322,pass,0,0,0
WO_0033,WP_0033,microcrystalline_glass,MG05,2025-01-02 22:16:00+00:00,0.0129,0.1016,-0.2166,0.0983,pass,0,0,0
WO_0033,WP_0033,microcrystalline_glass,MG06,2025-01-02 23:57:00+00:00,-1.6253,0.1285,0.3811,-0.084,pass,0,0,0
WO_0033,WP_0033,microcrystalline_glass,MG07,2025-01-03 01:34:00+00:00,-0.0287,0.116,-0.0572,0.0321,pass,0,0,0
WO_0033,WP_0033,microcrystalline_glass,MG08,2025-01-03 02:48:00+00:00,0.1838,0.1199,0.4077,-0.2105,pass,0,0,0
WO_0033,WP_0033,microcrystalline_glass,MG09,2025-01-03 04:30:00+00:00,1.7685,0.1151,-1.0963,-0.1644,pass,0,0,0
WO_0033,WP_0033,microcrystalline_glass,MG10,2025-01-03 06:13:00+00:00,0.8069,0.1394,0.6089,0.2758,pass,0,0,0
WO_0033,WP_0033,microcrystalline_glass,MG11,2025-01-03 07:01:00+00:00,-0.2457,0.0959,0.8534,0.0649,pass,0,0,0
WO_0033,WP_0033,microcrystalline_glass,MG12,2025-01-03 08:00:00+00:00,0.0088,0.1774,0.2776,-0.5134,pass,0,0,0
WO_0033,WP_0033,microcrystalline_glass,MG13,2025-01-03 09:39:00+00:00,0.4348,0.1114,-0.9002,0.5679,pass,0,0,0
WO_0034,WP_0034,single_crystal_silicon,SC01,2025-01-02 17:38:00+00:00,0.8659,0.0983,0.5741,0.1627,pass,0,0,0
WO_0034,WP_0034,single_crystal_silicon,SC02,2025-01-02 19:21:00+00:00,0.8365,0.0854,-0.811,0.1843,pass,0,0,0
WO_0034,WP_0034,single_crystal_silicon,SC04,2025-01-02 21:25:00+00:00,-0.0364,0.1005,-0.1559,0.6062,pass,0,0,0
WO_0034,WP_0034,single_crystal_silicon,SC06,2025-01-02 23:39:00+00:00,-1.668,0.1356,-0.19,-0.6298,pass,0,0,0
WO_0034,WP_0034,single_crystal_silicon,SC08,2025-01-03 02:08:00+00:00,1.0625,0.1873,0.5668,-0.2825,pass,0,0,0
WO_0034,WP_0034,single_crystal_silicon,SC10,2025-01-03 03:25:00+00:00,0.5119,0.1789,0.0915,-0.022,pass,0,0,0
WO_0034,WP_0034,single_crystal_silicon,SC11,2025-01-03 04:24:00+00:00,1.013,0.1749,-0.4956,0.2904,pass,0,0,0
WO_0034,WP_0034,single_crystal_silicon,SC13,2025-01-03 05:57:00+00:00,1.1281,0.1324,0.3121,-0.25,pass,0,0,0
WO_0034,WP_0034,single_crystal_silicon,SC15,2025-01-03 07:49:00+00:00,0.9903,0.1315,-0.9569,0.3115,pass,0,0,0
WO_0035,WP_0035,chalcogenide_glass,CG01,2025-01-02 19:53:00+00:00,0.9432,0.0841,-0.4964,-0.0589,rework,0,0,0
WO_0035,WP_0035,chalcogenide_glass,CG02,2025-01-02 21:19:00+00:00,0.659,0.0959,-0.1961,-0.557,pass,0,0,0
WO_0035,WP_0035,chalcogenide_glass,CG03,2025-01-02 22:01:00+00:00,-0.617,0.1863,-0.3423,-0.2049,pass,0,0,0
WO_0035,WP_0035,chalcogenide_glass,CG04,2025-01-02 22:43:00+00:00,-0.1241,0.1741,0.7331,-0.245,pass,0,0,0
WO_0035,WP_0035,chalcogenide_glass,CG05,2025-01-02 23:46:00+00:00,-0.0445,0.1202,0.5701,0.3622,rework,0,0,0
WO_0035,WP_0035,chalcogenide_glass,CG06,2025-01-03 01:36:00+00:00,-0.4682,0.1435,-0.044,-0.2908,pass,0,0,0
WO_0035,WP_0035,chalcogenide_glass,CG07,2025-01-03 02:07:00+00:00,1.3123,0.0995,0.1456,0.7178,pass,0,0,0
WO_0035,WP_0035,chalcogenide_glass,CG08,2025-01-03 03:04:00+00:00,1.0293,0.0869,-0.0104,-0.1758,rework,0,0,0
WO_0035,WP_0035,chalcogenide_glass,CG10,2025-01-03 05:10:00+00:00,-0.5601,0.1061,-0.7144,-0.1268,pass,0,0,0
WO_0036,WP_0036,microcrystalline_glass,MG01,2025-01-02 20:44:00+00:00,-0.0159,0.0938,0.3455,0.4308,pass,0,0,0
WO_0036,WP_0036,microcrystalline_glass,MG02,2025-01-02 21:46:00+00:00,0.2924,0.1826,0.2543,-0.532,pass,0,0,0
WO_0036,WP_0036,microcrystalline_glass,MG03,2025-01-02 22:29:00+00:00,0.7965,0.0924,-0.7428,0.0424,pass,0,0,0
WO_0036,WP_0036,microcrystalline_glass,MG04,2025-01-02 23:00:00+00:00,-1.5278,0.0688,-0.516,-0.019,pass,0,0,0
WO_0036,WP_0036,microcrystalline_glass,MG05,2025-01-03 00:42:00+00:00,0.3962,0.1258,0.1966,-0.2586,pass,0,0,0
WO_0036,WP_0036,microcrystalline_glass,MG06,2025-01-03 01:29:00+00:00,0.9489,0.1284,-0.0881,0.1201,pass,0,0,0
WO_0036,WP_0036,microcrystalline_glass,MG07,2025-01-03 02:10:00+00:00,-0.0405,0.1483,-0.0374,-0.3421,pass,0,0,0
WO_0036,WP_0036,microcrystalline_glass,MG08,2025-01-03 03:15:00+00:00,0.1295,0.1616,-0.543,0.0527,pass,0,0,0
WO_0036,WP_0036,microcrystalline_glass,MG09,2025-01-03 04:02:00+00:00,-0.4683,0.1052,-0.4524,-0.0509,pass,0,0,0
WO_0036,WP_0036,microcrystalline_glass,MG10,2025-01-03 04:40:00+00:00,-1.0415,0.1891,-0.2312,-0.0077,pass,0,0,0
WO_0036,WP_0036,microcrystalline_glass,MG11,2025-01-03 06:07:00+00:00,1.9666,0.1757,-0.4265,0.1943,pass,0,0,0
WO_0036,WP_0036,microcrystalline_glass,MG12,2025-01-03 06:51:00+00:00,0.9281,0.1618,-0.2349,-0.05,pass,0,0,0
WO_0036,WP_0036,microcrystalline_glass,MG13,2025-01-03 08:07:00+00:00,-0.3149,0.0552,0.0569,0.3237,pass,0,0,0
