state_category,state_code,state_name,parameter,mean,std,min,max,p05,p95
process,0,正常,temperature,64.91802199127166,1.7150085038759975,59.20294224990502,70.36953574719485,62.190273427920054,67.67326884115232
process,0,正常,pressure,5.000254418531925,0.09992480112148514,4.614791841061649,5.396316196340685,4.836249596002967,5.166256737121596
process,0,正常,flow_rate,80.00626668780612,1.4908285816418778,74.32774597582416,85.9707964577952,77.57396003432689,82.46165598917801
process,0,正常,spindle_speed,1500.0199103741302,15.13193291293326,1438.787504518521,1563.7999803338446,1475.1780100855192,1524.9299738679783
process,0,正常,feed_rate,300.0043081218943,4.0088793567018275,282.10887685728994,315.2816139837755,293.41238357438345,306.60184371880865
process,0,正常,vibration,2.1208504070199363,1.418726453711787,0.7085121049136865,6.0709295494843065,1.0309721874048554,5.700812208623787
process,0,正常,motor_current,40.64307093612689,8.452308194010786,30.5820872509468,64.45054196368118,33.28598638752915,59.94081183267557
process,0,正常,motor_voltage,379.9998553026375,1.9957297171779307,371.65370896814164,388.0210685903919,376.7268436048108,383.25648059079936
process,0,正常,bearing_temperature,60.23836889498016,8.770347235786815,50.79207132990791,86.18123746956857,53.60056949320167,83.03447192099702
process,0,正常,tool_wear,0.40140902350033003,0.1669968077663692,0.05743202508369894,0.9012067992008068,0.14187097846612517,0.671415453731506
process,0,正常,equipment_load,73.44746315623784,6.381329406952731,62.04034442151618,96.11269372913105,67.22437056418644,90.00989646055348
process,0,正常,cycle_time,13.785366169055568,1.9193926052419972,10.898969053765757,18.404252060651494,11.62804679052491,17.404416054555018
process,0,正常,buffer_level,50.1166435693892,12.619240398208689,17.865920025302728,85.4773758229157,27.537278577144193,76.05227431966001
process,0,正常,material_inventory,67.90360735597802,6.966030568679464,39.22612625835175,86.05121031068789,51.45621083680966,76.30879078476381
process,0,正常,conveyor_speed,1.4114836223658118,0.14949702181650767,0.9109490296568584,1.6394352718681457,1.0768807792596398,1.5582782785216909
process,0,正常,agv_delay,1.639109146483283,2.5150948914484297,0.0,8.71837854604934,0.0,7.147717434059364
process,0,正常,queue_length,2.0907716400846255,1.5715018112858634,0.0,6.726976741124366,0.0,4.420825230126474
process,0,正常,station_output,46.16656682677669,6.4338810834844065,26.18899256912212,66.88529138002137,32.942355619150185,54.20625010896381
process,0,正常,defect_rate,0.00999795332647875,0.0030029154780161623,0.0,0.022619558782226698,0.005021652602212221,0.014909410340764007
process,0,正常,energy_consumption,130.56580966532124,13.45846771786981,107.92352764751409,171.60986992808023,116.21091012573704,160.02953515051007
process,0,正常,oee,0.8012392900472786,0.1275154020393837,0.507220685507636,0.9824639871005312,0.5603138882519395,0.9386598256168739
process,0,正常,line_takt,13.486300660389128,1.6084585399363636,10.85487472412073,17.707472949385267,11.631445413572036,16.495458402064727
process,0,正常,downtime,1.6851974141917792,4.464143391420207,0.0,16.66208839356265,0.0,14.992628396847921
process,0,正常,throughput,47.99065578305506,12.302169109855646,15.297994152165987,66.77137666597639,28.508589975117044,62.33847005342034
process,1,工艺漂移,temperature,69.10112931854107,1.7640814547031052,63.766519364296016,73.95413719189662,66.1923442149237,71.8432597461371
process,1,工艺漂移,pressure,5.352246973382101,0.09876767224217772,5.006627893079226,5.730964811043389,5.186724482292579,5.512693023040568
process,1,工艺漂移,flow_rate,78.03773395610602,1.4947736680910297,73.11110595440084,84.34070464601844,75.5282494011153,80.53994403528313
process,1,工艺漂移,spindle_speed,1479.6021004964027,15.28693797797341,1420.7238480236626,1529.0953046604052,1454.2432153577588,1504.8871695328296
process,1,工艺漂移,feed_rate,297.61914228024835,4.002855565694612,283.6542904364481,313.32821896730934,291.1165972034463,304.3725655569376
process,1,工艺漂移,vibration,2.136604178271459,1.4155880852923786,0.7961474424312524,6.05836592592885,1.0337450967174073,5.6979678734667445
process,1,工艺漂移,motor_current,40.64499977605794,8.393661232675974,31.06096608087335,62.622062950585864,33.28769070446848,59.87638707861058
process,1,工艺漂移,motor_voltage,379.98332718696497,1.9763204764790465,373.3622792996444,387.3762401230696,376.7115478554161,383.1585666562594
process,1,工艺漂移,bearing_temperature,60.26484880141627,8.724625352316787,51.25371488175643,85.68029054535032,53.68136574401338,82.97977696703016
process,1,工艺漂移,tool_wear,0.40185514000897365,0.15383206134233013,0.06069857598815015,0.8856796519494086,0.14094073779428817,0.6720084933189789
process,1,工艺漂移,equipment_load,73.43761123789676,6.392119891667112,63.03684581855022,95.75202911144302,67.20050100624546,90.05553438689127
process,1,工艺漂移,cycle_time,14.815149543471925,1.431612768312773,12.649138310385668,18.24797923025112,13.384218880493854,17.575262071945968
process,1,工艺漂移,buffer_level,48.673093476939115,12.080493367520383,18.075239352628056,84.88599627767286,27.42041559201005,75.11424680318706
process,1,工艺漂移,material_inventory,67.77422585055687,7.291747062799915,40.622983414488886,84.00940497284903,50.662692117677395,76.41540774679946
process,1,工艺漂移,conveyor_speed,1.4079467139452715,0.15453534010976308,0.9361171992698311,1.6697062821918542,1.0557161212661195,1.5575394849512016
process,1,工艺漂移,agv_delay,1.5371135259847473,2.3696700807291124,0.0,8.198372198786961,0.0,7.036233969369482
process,1,工艺漂移,queue_length,2.0756409027258873,1.5729699260188417,0.0,6.581366109013066,0.0,4.443982953330594
process,1,工艺漂移,station_output,42.70942550868315,4.090930921957768,27.518628592304925,51.705709252971246,33.80507234188446,48.07883442973581
process,1,工艺漂移,defect_rate,0.018073316282663596,0.00299320942994983,0.006527180553934364,0.02718133684433669,0.013234133326775048,0.02299847828442867
process,1,工艺漂移,energy_consumption,133.5020822740859,11.688534518730794,116.48383550484186,169.5243037291465,121.13878190176223,159.86964233812623
process,1,工艺漂移,oee,0.7019132862412019,0.09441800102868485,0.47968434842206426,0.8258548438347484,0.5222558372499096,0.7903373393675929
process,1,工艺漂移,line_takt,14.357062880296041,1.2056244247250956,12.39858234975254,17.49370618917733,13.06142393417973,16.681838998971404
process,1,工艺漂移,downtime,2.847851380078515,5.681597693388049,0.0,16.45447283638855,0.0,15.259876817673717
process,1,工艺漂移,throughput,42.18113728379291,10.545717068458552,13.18957153776207,56.3631740640062,20.392870826237264,52.54230636548014
process,2,温度异常,temperature,83.4012361141328,1.7443210166141292,77.98691751973325,88.2963323267814,80.34473403567603,85.96856464643467
process,2,温度异常,pressure,5.153193102818877,0.10178423735508499,4.788330910941412,5.472206923102167,4.986811315054693,5.31999854263776
process,2,温度异常,flow_rate,75.99377283733523,1.4800280416813327,70.84189764587447,82.44741770482253,73.63120639784908,78.46737726176144
process,2,温度异常,spindle_speed,1460.0380504646619,15.093647091698665,1407.0590396991104,1513.1055567180526,1434.9348856404479,1484.919345959159
process,2,温度异常,feed_rate,295.5424017529289,3.960994461298154,282.5096228837912,309.17996340785356,289.16793573445784,301.9722093453264
process,2,温度异常,vibration,2.0848271508692076,1.3444873424100632,0.7879779711676259,5.971870656117598,1.0338746945784,5.678482964257473
process,2,温度异常,motor_current,40.240893971503375,7.934596124243397,31.458140919934827,63.0324377278049,33.35244367195263,59.85931697706345
process,2,温度异常,motor_voltage,379.9976387402777,1.9733737385424244,373.1407045896661,386.0840155150536,376.74996108491723,383.2187527168111
process,2,温度异常,bearing_temperature,59.82162203738272,8.221907316443042,50.698590461830285,85.64012238894603,53.71526955301084,82.84864999745125
process,2,温度异常,tool_wear,0.41250750266610176,0.15397930339386226,0.06723156387023975,0.7589938693068204,0.15403673481900895,0.6593854442727561
process,2,温度异常,equipment_load,73.09514195690147,6.090987087935446,62.350718361701674,96.27642464130028,67.1976723840908,89.72057800957623
process,2,温度异常,cycle_time,14.65787843855533,1.3274521383590303,12.797104465080064,18.303724198341087,13.359593719122326,17.51793628635771
process,2,温度异常,buffer_level,51.08154650745529,12.719308842633,18.760028753719833,83.97381096027706,27.74733097893959,76.43342737963334
process,2,温度异常,material_inventory,68.11824482624627,6.663795962311427,40.61402596500375,84.0587928937462,51.97636535611867,76.40712735805779
process,2,温度异常,conveyor_speed,1.4147842531414074,0.14618925312576422,0.9234892932742195,1.630714224000502,1.1063190244745558,1.5573648248868532
process,2,温度异常,agv_delay,1.6535858572721176,2.5803368007443566,0.0,8.337934913534866,0.0,7.187743496644023
process,2,温度异常,queue_length,2.104599144127639,1.5764311819683332,0.0,6.105972821743907,0.0,4.455440465822895
process,2,温度异常,station_output,43.14949042764042,4.037251208046349,27.08631585065259,52.44305458314851,33.59527386232286,48.12356604077809
process,2,温度异常,defect_rate,0.025035656336348036,0.0030092574767715038,0.014400549426667719,0.03552385821727846,0.02025140592726684,0.030052934253218325
process,2,温度异常,energy_consumption,132.75533454644247,11.105739258917472,113.66291719224404,169.26373308673038,121.18333861664293,159.81564483509266
process,2,温度异常,oee,0.6826302367002848,0.0865248092217727,0.45785194284895947,0.7925402398849927,0.49724904204817755,0.7607460560219708
process,2,温度异常,line_takt,14.213013324368406,1.1088478494822624,12.381040102518927,17.32225658981947,13.055206841178967,16.564921886227697
process,2,温度异常,downtime,2.0930231653123568,4.959786768480883,0.0,16.71904551330796,0.0,15.154475655868204
process,2,温度异常,throughput,43.16238404828679,9.831716015849391,13.930975674691346,56.54685805498429,21.690320253276877,52.685936703708755
process,3,质量风险,temperature,71.89282701342468,1.759257571393192,66.66687664087696,77.36920159543685,69.01454965077525,74.6538700034461
process,3,质量风险,pressure,4.801184753042913,0.09958090638514067,4.43653305841441,5.1845122710101545,4.643175673659427,4.972039994944497
process,3,质量风险,flow_rate,73.99321216356195,1.488471373528723,68.69824953591586,79.1487491500795,71.56950352303238,76.45716688018447
process,3,质量风险,spindle_speed,1440.4282908148814,14.803691104494694,1391.172054466097,1499.2406659685491,1417.0126810045608,1464.9165547237508
process,3,质量风险,feed_rate,283.53130126927374,3.9901414512130837,268.9730650090887,296.3567568076019,276.7945144063671,289.9503247242485
process,3,质量风险,vibration,1.8333674869099703,1.1071285215127684,0.7939194005326693,5.972608394231546,1.0294406647449534,3.385178921785838
process,3,质量风险,motor_current,38.969797752031376,6.881815276331769,30.464823644002106,62.80695916401689,33.22827329995823,51.79976980447667
process,3,质量风险,motor_voltage,379.95558839966503,2.0276382416904606,373.15229977241825,386.55854890042133,376.6101314255747,383.24156430721257
process,3,质量风险,bearing_temperature,58.434546230651776,6.657700993630984,51.2731432494361,86.34852284053602,53.54510545920023,68.52784774959774
process,3,质量风险,tool_wear,0.3938919687865609,0.15997470666518204,0.05853614084876128,0.8614853720815421,0.12139863824462098,0.6402795783004741
process,3,质量风险,equipment_load,72.14123385537538,4.798773676565273,63.58897968729612,94.58035901212497,67.08634269203053,80.36850454259715
process,3,质量风险,cycle_time,15.808888315202774,0.6589526557563883,14.327329624206067,18.257842991469783,15.103077598263107,17.4796687884222
process,3,质量风险,buffer_level,51.50658316759114,13.981392332323201,18.565943806495255,83.59463110795019,27.92746359404866,77.08838876975408
process,3,质量风险,material_inventory,68.03090480637029,6.837512096754578,42.52692473577984,82.55726132315064,51.80092081895077,76.46555365703482
process,3,质量风险,conveyor_speed,1.3887865199611678,0.15916441896696862,0.9487598788781115,1.6300603209091822,1.0582569334393728,1.5551326754471024
process,3,质量风险,agv_delay,2.084348865461079,2.790871208128537,0.0,8.265624916125365,0.0,7.282258584891742
process,3,质量风险,queue_length,1.8693197373699537,1.6137194856749142,0.0,6.365168322550426,0.0,4.372452530952465
process,3,质量风险,station_output,39.95976566727223,4.004780740643197,27.277010787483356,53.40603718422592,34.520591456334245,47.24964961325287
process,3,质量风险,defect_rate,0.06494887021773293,0.002916136822553756,0.055111734332239724,0.0749502786570481,0.060052246894387144,0.06966102598762543
process,3,质量风险,energy_consumption,134.53145736980414,8.07577496298319,118.73699650391416,166.87554511102599,125.73730245713867,149.66903348269886
process,3,质量风险,oee,0.575946384926558,0.04130380171324616,0.4266185825058689,0.6466781401984681,0.4670784516571228,0.6140632491398189
process,3,质量风险,line_takt,15.175758125817007,0.5582480875858277,13.847011139304103,17.329932682566813,14.53541067180776,16.51508290982512
process,3,质量风险,downtime,1.9234633746060061,4.743269304587625,0.0,16.401153376817348,0.0,15.075828451445972
process,3,质量风险,throughput,36.1344248725424,6.285778968929307,14.249706059937969,46.711348592282505,20.381330531073896,42.690761479154084
equipment,0,正常,temperature,68.12844080900375,6.0742930691884185,59.20294224990502,88.2963323267814,62.46190075660817,83.75252242402601
equipment,0,正常,pressure,5.037666807272858,0.17243564263653158,4.516224104577757,5.730964811043389,4.776769533162569,5.375168127249557
equipment,0,正常,flow_rate,78.7266586788536,2.5435844789056987,68.876258900837,85.9707964577952,73.75424460587053,82.171793871435
equipment,0,正常,spindle_speed,1487.2161741158666,25.53288165670175,1391.172054466097,1556.5803977492903,1437.0507761345903,1522.0923501227685
equipment,0,正常,feed_rate,297.56121149846297,6.34125246523238,268.9730650090887,315.2816139837755,283.6502101614947,305.9137288237417
equipment,0,正常,vibration,1.1993117751314175,0.11979959129982126,0.7085121049136865,1.6337328330664183,1.0009340268855362,1.3972926753897614
equipment,0,正常,motor_current,34.98713869802805,1.2047589735724962,30.464823644002106,40.5400715379268,32.98963965436393,36.952346154854624
equipment,0,正常,motor_voltage,379.99503469865203,1.9932338515343062,371.65370896814164,388.0210685903919,376.7198777756458,383.2419934888552
equipment,0,正常,bearing_temperature,54.998639244666734,0.9979049546511406,50.698590461830285,59.29327624980073,53.365386719240014,56.653299266508846
equipment,0,正常,tool_wear,0.3546837880857152,0.14703976287200404,0.05743202508369894,0.6612121760870165,0.12433042097742938,0.5780874978493501
equipment,0,正常,equipment_load,70.00354254510019,2.006654667240453,62.04034442151618,77.65513076366999,66.71345318548103,73.2826607668618
equipment,0,正常,cycle_time,13.352786353733029,1.5689970146457834,10.898969053765757,18.303724198341087,11.611433047491948,15.936152409751088
equipment,0,正常,buffer_level,49.944340976560056,12.673542171390766,17.865920025302728,84.88599627767286,27.32510353221667,76.06694556889444
equipment,0,正常,material_inventory,67.7429752791621,7.107293007164067,39.22612625835175,86.05121031068789,51.122056578646564,76.27078652593953
equipment,0,正常,conveyor_speed,1.4136447273563266,0.1464420643036734,0.9109490296568584,1.6697062821918542,1.0863170410731056,1.5577285085583419
equipment,0,正常,agv_delay,1.6025193270157163,2.485338092886597,0.0,8.71837854604934,0.0,7.1438675541560315
equipment,0,正常,queue_length,2.084494547085991,1.5672644846460104,0.0,6.723078992342781,0.0,4.4225562421238065
equipment,0,正常,station_output,47.54175837458346,4.714237517095789,32.32331757432159,66.88529138002137,39.122464271310065,54.10697425103231
equipment,0,正常,defect_rate,0.018181489952969497,0.016744053225720736,0.0,0.0749502786570481,0.005729344047057141,0.06503192442550268
equipment,0,正常,energy_consumption,123.7218244426183,5.227409560733866,107.92352764751409,142.3247691600161,116.01162280684885,133.021688513042
equipment,0,正常,oee,0.8110044238580691,0.12574403678186688,0.42721167676133337,0.9824639871005312,0.5821325463135006,0.939444213661578
equipment,0,正常,line_takt,13.126366396167292,1.3179066178330439,10.85487472412073,17.329932682566813,11.61902489815464,15.32612606901152
equipment,0,正常,downtime,0.5040616305861451,2.1303989296941004,0.0,16.401153376817348,0.0,0.9458156177129379
equipment,0,正常,throughput,50.4456624723481,11.036205152808146,13.18957153776207,66.77137666597639,30.387065890522823,62.44805688105841
equipment,1,磨损,temperature,69.13396379741448,6.925269758213298,60.14375493677589,87.09473939067303,62.50162563019135,84.44558684949014
equipment,1,磨损,pressure,5.051253755382583,0.17417456678319246,4.467592240288571,5.629406790200789,4.780715126590384,5.378694651748313
equipment,1,磨损,flow_rate,78.54168298844398,2.562453561274539,70.29075473604094,85.35298313349035,73.69824048981947,82.13759201493825
equipment,1,磨损,spindle_speed,1485.1699543990537,25.355932318531302,1393.654243210539,1563.7999803338446,1436.8813739069333,1520.4657200955373
equipment,1,磨损,feed_rate,297.52375080663376,6.190765832129342,273.6510635106394,314.86851319528137,283.86170861743625,305.9710884314646
equipment,1,磨损,vibration,2.4996482364246626,0.12030321460478094,2.012245080298756,2.899444425373641,2.3056255450484495,2.700236282778974
equipment,1,磨损,motor_current,42.01837873950193,1.1868623646325254,38.0758554601588,46.020280235851004,40.057577897031344,44.03622798169158
equipment,1,磨损,motor_voltage,380.00601943650383,2.0116776501710936,371.99974124184195,387.3762401230696,376.7222619687402,383.3277723607691
equipment,1,磨损,bearing_temperature,59.98380766706322,1.0107040943370973,56.37868468437467,63.65572736958151,58.299612743470355,61.640012644491854
equipment,1,磨损,tool_wear,0.4258756096079672,0.1426051476413949,0.12426924458417095,0.7354566449595905,0.1991552205989972,0.6450105219497666
equipment,1,磨损,equipment_load,72.960339071784,1.9989978139175317,65.17208458591011,79.83752509588616,69.73612696262613,76.22215112650439
equipment,1,磨损,cycle_time,14.357606233726523,1.0306665237341186,12.748459046480166,18.257842991469783,13.350761172025546,16.096652082606095
equipment,1,磨损,buffer_level,51.61342301310586,12.977178807968784,20.8394668186682,85.4773758229157,28.820910005113674,76.76104193848305
equipment,1,磨损,material_inventory,68.5014179803819,6.348076476279818,40.307230828914065,82.44483814036971,52.96063547262256,76.3645730818899
equipment,1,磨损,conveyor_speed,1.396300692943734,0.16220643346826008,0.942437870239913,1.6277314704093433,1.0548179696376982,1.5594588799925415
equipment,1,磨损,agv_delay,1.929873869023543,2.732769088067547,0.0,8.265624916125365,0.0,7.220737718229011
equipment,1,磨损,queue_length,2.0090951767668743,1.6085934561606137,0.0,6.581366109013066,0.0,4.419616929035644
equipment,1,磨损,station_output,44.60947627365667,3.4104824569048504,32.38469046215737,59.947579925901806,39.34132935770153,50.38535188695651
equipment,1,磨损,defect_rate,0.01842783533931898,0.016003666750456804,0.0,0.07337028903753037,0.005708777212471591,0.0643959815705053
equipment,1,磨损,energy_consumption,133.59014183829996,4.004542534542621,122.89129758403251,149.94658744162075,127.52354167631952,140.76223952902714
equipment,1,磨损,oee,0.7403881449081585,0.08448845412544727,0.4309814378270748,0.8472645021868853,0.5715323090432912,0.8186356188244273
equipment,1,磨损,line_takt,13.965539285473394,0.8698007155325315,12.39858234975254,17.199538736203046,13.038782097676414,15.503026336271674
equipment,1,磨损,downtime,0.7953684394805318,2.9159611413109108,0.0,16.316903506889474,0.0,1.1385961208914577
equipment,1,磨损,throughput,44.39380612438971,8.759992730624168,14.790063489882638,56.3631740640062,28.948499743933496,52.82665395579684
equipment,2,过载,temperature,67.61182156514852,5.573964198339146,60.41843743058763,86.23217893789639,62.58033376404473,83.14631002551742
equipment,2,过载,pressure,5.039666189040799,0.16831064524267902,4.43653305841441,5.661916176993659,4.790491770544606,5.369570403767267
equipment,2,过载,flow_rate,78.94722920870697,2.4325170088570562,68.69824953591586,85.81974221953583,74.0297884291219,82.27405699466117
equipment,2,过载,spindle_speed,1489.3472479910645,24.120512034713506,1402.705296323897,1552.6607543610864,1440.8104233815914,1522.197086206957
equipment,2,过载,feed_rate,297.8663047678788,6.069055515824764,273.9994747033095,314.1937095066896,284.4469956105412,305.8652471223591
equipment,2,过载,vibration,3.1988614612528004,0.11760288916247562,2.8151134448594686,3.617488626977963,3.0067624181781767,3.3935576817427924
equipment,2,过载,motor_current,49.987418238087024,1.1762177459138086,45.64516980773202,54.385534826116725,48.084135179776865,51.94585173785666
equipment,2,过载,motor_voltage,379.9667719540466,1.994765933993641,373.7301320003872,387.19471374812116,376.67389377434154,383.1954350129238
equipment,2,过载,bearing_temperature,67.02673742265755,1.0035256478911403,63.45184427056245,71.18520769073369,65.36180597590504,68.67368458927525
equipment,2,过载,tool_wear,0.4544059181699253,0.14777784633524413,0.18644147272467662,0.7540350510201809,0.24766311199895255,0.6908354585465087
equipment,2,过载,equipment_load,77.00125368108887,1.988249368697679,70.18142171123787,84.29322494214584,73.69814402310182,80.2541368402893
equipment,2,过载,cycle_time,15.615684411483166,0.36021843576403095,14.5028056381181,17.956825248157728,15.104960739887984,16.110178175605988
equipment,2,过载,buffer_level,50.60329172316171,13.008244728800982,18.075239352628056,84.99437503441878,27.671979127897952,76.30795764995833
equipment,2,过载,material_inventory,68.18785173125474,6.843840543159953,41.881238342001794,84.97757795688614,51.99075567450363,76.6320028301005
equipment,2,过载,conveyor_speed,1.4045607384449241,0.15237365826118063,0.9472409619783314,1.6252426388417078,1.074054559238023,1.5568223205313676
equipment,2,过载,agv_delay,1.7662274302553485,2.613435091897864,0.0,8.337934913534866,0.0,7.19247002847035
equipment,2,过载,queue_length,2.039736988726289,1.5848024017681106,0.0,6.626744064834569,0.0,4.40315060783397
equipment,2,过载,station_output,40.18749194019204,4.041314283248821,31.156820953971753,53.64093925808084,35.08216698044662,48.212180007534116
equipment,2,过载,defect_rate,0.016780779715178877,0.01546729636018515,0.0,0.0734652946768418,0.005530074019208384,0.06427190369883978
equipment,2,过载,energy_consumption,145.05360993710698,3.056961666156189,134.16527485124212,157.80106170177413,140.15930497201106,150.11094548022956
equipment,2,过载,oee,0.6620440685205152,0.03532463978892457,0.47800595987872496,0.7346448266183448,0.5875641129553024,0.7011958242423875
equipment,2,过载,line_takt,15.021095102470468,0.3331334000364839,13.79244384652753,17.07514839692804,14.508833027089718,15.519722369706294
equipment,2,过载,downtime,0.3608192255546961,1.5906418748795188,0.0,15.90265918666243,0.0,0.8729381969876603
equipment,2,过载,throughput,37.59093683921208,4.4650003708125405,16.579963860398927,45.94427545248607,29.303824169525825,42.90691463188539
equipment,3,故障,temperature,67.85314754732764,6.273802496974423,59.91614067377053,87.59865580346103,62.24177575211633,84.43105656436907
equipment,3,故障,pressure,5.056612115526977,0.16393384461189894,4.567055376135869,5.5820721592884235,4.828666081352128,5.383066789492158
equipment,3,故障,flow_rate,79.04988640237906,2.225940332943385,69.58188977177002,84.37204672520231,74.76013869209828,82.17203516943422
equipment,3,故障,spindle_speed,1490.7223729746074,22.82772286804487,1403.9597568367149,1556.6050642259322,1446.8241866096027,1522.1690567249827
equipment,3,故障,feed_rate,298.64840544781134,5.344011472995867,275.4591729021339,313.3103841215963,289.1951087837283,306.26414588424325
equipment,3,故障,vibration,5.698471015479214,0.12041289630319701,5.322493241874779,6.0709295494843065,5.500744034240568,5.896687052003581
equipment,3,故障,motor_current,59.9425899497719,1.174358182633351,55.63297916681228,64.45054196368118,58.051520686014655,61.917110457447784
equipment,3,故障,motor_voltage,380.0026031337183,1.9670092607899976,373.2047410241845,386.2462450363129,376.7253946434271,383.2604814171278
equipment,3,故障,bearing_temperature,83.01552040384361,1.0253662758666955,79.8219499258371,86.34852284053602,81.29666403048361,84.70316525448393
equipment,3,故障,tool_wear,0.598932563022642,0.13813161178160174,0.2951183599381314,0.9012067992008068,0.37072807281675507,0.8332819600610409
equipment,3,故障,equipment_load,89.99801242299503,1.9838889960899646,83.73941372701245,96.27642464130028,86.6726601046111,93.32793971900438
equipment,3,故障,cycle_time,17.39930315423077,0.2976507164166149,16.39057778969715,18.404252060651494,16.899118786166806,17.88046408101549
equipment,3,故障,buffer_level,48.82295322538447,11.92628846418494,20.218041710321994,84.11063152693794,27.724413895535875,75.07640211909974
equipment,3,故障,material_inventory,67.80376560833976,7.039844854077271,40.284632738451975,82.82631788519197,51.311960971371285,76.23118431779805
equipment,3,故障,conveyor_speed,1.4093257892940727,0.15598396426684918,0.9239858434697263,1.6165248247291153,1.0552985172015477,1.5572320166657538
equipment,3,故障,agv_delay,1.5464576295771173,2.3837691365036537,0.0,8.033448399384776,0.0,7.044312356164509
equipment,3,故障,queue_length,2.120267848479709,1.5791361219442996,0.0,6.726976741124366,0.0,4.471093753449239
equipment,3,故障,station_output,34.174521744917975,4.099093653442015,26.18899256912212,49.6179749063038,29.113646061103722,42.6890378685597
equipment,3,故障,defect_rate,0.014891462530837153,0.011954072356869343,0.0,0.0742857026972547,0.0054673744348753585,0.029034586639957567
equipment,3,故障,energy_consumption,159.95046808591212,2.965968721155606,149.85348793473415,171.60986992808023,155.08754098402437,164.8432809986754
equipment,3,故障,oee,0.546260003563716,0.029160959976290025,0.4266185825058689,0.6098850687304966,0.4834051427053882,0.581845238854043
equipment,3,故障,line_takt,16.495378157571025,0.30394925182588867,15.346095857797591,17.707472949385267,15.991986473903452,16.996619537662742
equipment,3,故障,downtime,14.99579933391549,0.49124943579492764,13.383932323744633,16.71904551330796,14.186049345536587,15.811652001126138
equipment,3,故障,throughput,27.896239746092455,4.058933858529185,15.297994152165987,36.59900581960397,19.57108055715204,32.83504123480308
logistics,0,正常,temperature,68.15822378408618,6.256150121171255,59.20294224990502,88.2963323267814,62.45201281869499,84.02111138931205
logistics,0,正常,pressure,5.04341590016259,0.16988746681616837,4.43653305841441,5.685522596083281,4.7903109873895815,5.376358569373869
logistics,0,正常,flow_rate,78.80138118978206,2.462153472893536,68.69824953591586,85.9707964577952,73.96002856413403,82.16752501431709
logistics,0,正常,spindle_speed,1488.0577391035933,24.91316342168364,1392.3489662482507,1563.7999803338446,1439.2584981243476,1522.1965944287756
logistics,0,正常,feed_rate,297.81888823319815,6.0738852020974425,268.9730650090887,314.86851319528137,284.5016492235175,305.9362688432806
logistics,0,正常,vibration,2.088048591202261,1.3918412592088385,0.7085121049136865,6.0709295494843065,1.031457718359404,5.689513725014591
logistics,0,正常,motor_current,40.41122992331206,8.283793222633198,30.464823644002106,64.26978889507492,33.28681875957082,59.83555689386551
logistics,0,正常,motor_voltage,380.00214959845,1.98865049689596,371.65370896814164,388.0210685903919,376.72193832137935,383.25019428198726
logistics,0,正常,bearing_temperature,60.0106518293802,8.572941081960856,50.698590461830285,86.16574764034549,53.612218432308865,82.94097409989746
logistics,0,正常,tool_wear,0.4046818355813362,0.16731753097044968,0.05743202508369894,0.9012067992008068,0.13793171129735102,0.6728640922808214
logistics,0,正常,equipment_load,73.27270984255294,6.256829918081794,62.04034442151618,96.27642464130028,67.16888333820212,89.82665109437505
logistics,0,正常,cycle_time,13.748337743509067,1.8263029050790172,10.898969053765757,18.404252060651494,11.643990181508823,17.384254562430755
logistics,0,正常,buffer_level,49.97726008153088,3.0040450974227544,38.56269393263763,61.94257865033511,45.03762296579856,54.94310303321074
logistics,0,正常,material_inventory,69.95390849074116,4.044444808167225,55.071639050743535,86.05121031068789,63.2863561760058,76.66333416201267
logistics,0,正常,conveyor_speed,1.4999436134979154,0.03984946469160106,1.3376751141501808,1.6697062821918542,1.4343722395674257,1.565075445651644
logistics,0,正常,agv_delay,0.16074667143123544,0.2351143784937994,0.0,1.619225053436276,0.0,0.6609085572695176
logistics,0,正常,queue_length,2.9898869135326573,0.9912819839919832,0.0,6.726976741124366,1.361584820531799,4.620703196570421
logistics,0,正常,station_output,44.1510008327181,6.336961875305345,26.18899256912212,56.710644280186955,32.15955280854125,52.38412649518648
logistics,0,正常,defect_rate,0.0172967516478764,0.015492421582820388,0.0,0.07459541651732447,0.005610775591336077,0.06429354824968322
logistics,0,正常,energy_consumption,130.25049076674577,13.113083576287012,107.92352764751409,171.60986992808023,116.35954748124925,159.81122803057008
logistics,0,正常,oee,0.7854408675409298,0.13510581380348397,0.4266185825058689,0.9824639871005312,0.5550416378229417,0.9379589645088681
logistics,0,正常,line_takt,13.457746086110216,1.531175879549204,10.85487472412073,17.707472949385267,11.643498478879179,16.47703068086111
logistics,0,正常,downtime,1.6052038157230286,4.355197765601233,0.0,16.71904551330796,0.0,14.95816077343775
logistics,0,正常,throughput,50.295779219152195,10.201328488259488,23.448710659401183,66.77137666597639,30.151346204802678,62.33394890100459
logistics,1,缺料,temperature,68.04850620686092,5.8436804507134505,60.353865391422815,87.83666279225221,62.43705994751904,83.38037262060732
logistics,1,缺料,pressure,5.047770361953714,0.17461039665179443,4.56171584542932,5.629406790200789,4.781235203375063,5.388839917900463
logistics,1,缺料,flow_rate,78.78627273151139,2.508073859502973,68.876258900837,85.35298313349035,73.85398979200022,82.21595082598526
logistics,1,缺料,spindle_speed,1487.2086282544672,24.93114724943796,1401.1068874395112,1545.1545063063706,1438.1916420656332,1521.383242867113
logistics,1,缺料,feed_rate,297.6693741440775,6.192601314383206,272.66092720041945,313.5927064607569,284.26542965423045,305.98730535060224
logistics,1,缺料,vibration,2.0403645187214408,1.416206198263065,0.7879779711676259,6.04393357401666,1.030336310132458,5.705361541299059
logistics,1,缺料,motor_current,40.09080375336472,8.412375164291161,30.9778487222748,64.45054196368118,33.193247979373034,59.780378578816716
logistics,1,缺料,motor_voltage,379.93347437674913,2.0237502872001984,373.83076192407253,387.19471374812116,376.7274090576183,383.31191849188394
logistics,1,缺料,bearing_temperature,59.830202897037445,8.732714725795569,51.566972214020296,85.8430631205406,53.507176703383784,82.93012548413337
logistics,1,缺料,tool_wear,0.41685139498653284,0.14633955365894172,0.0754231524941547,0.8856796519494086,0.18643453122862252,0.6430585098341559
logistics,1,缺料,equipment_load,73.18332826600793,6.376476088833132,63.03594837813187,95.75202911144302,67.19628674768225,90.01317313883595
logistics,1,缺料,cycle_time,14.526546527466675,1.2246166155823357,12.649138310385668,18.27623785118044,13.364016943254251,17.393932263473825
logistics,1,缺料,buffer_level,28.00401192926396,2.9891078986663326,17.865920025302728,38.189195068128626,23.0675904542929,32.868179494907345
logistics,1,缺料,material_inventory,52.01396079396247,4.009061093541724,39.22612625835175,68.74653453837091,45.36064393878761,58.54576447632773
logistics,1,缺料,conveyor_speed,1.349423242509801,0.04045583824986142,1.2255281301713141,1.4819944784148067,1.2832321277772956,1.415542680663817
logistics,1,缺料,agv_delay,1.9940914048466982,0.39932131020709283,0.5171507859172211,3.456006134926551,1.3314352320240477,2.653491141025969
logistics,1,缺料,queue_length,0.4116072127159116,0.6022693384487547,0.0,3.678624896279681,0.0,1.665035371955328
logistics,1,缺料,station_output,44.591601570795184,4.380522122670732,29.26953905022514,54.57262155760866,35.08719591206229,49.91493836338267
logistics,1,缺料,defect_rate,0.01763569311944353,0.016072495345665096,0.0,0.07185142460632322,0.005794380073813527,0.06454990743101256
logistics,1,缺料,energy_consumption,132.202475552144,11.70733612316482,115.23848155588364,168.33116501997245,121.05449893217497,159.93875780889022
logistics,1,缺料,oee,0.7327606452690172,0.09314301008755554,0.4315101833990015,0.8447593845718132,0.5507424727958873,0.81955901670634
logistics,1,缺料,line_takt,14.105155807006822,1.045106394401938,12.319598493655098,17.221274778973214,13.04598610474565,16.494903517346952
logistics,1,缺料,downtime,1.658929628372218,4.424599153854256,0.0,16.324695874489095,0.0,14.95019210831343
logistics,1,缺料,throughput,42.986569791483966,6.94183556352847,21.570777704041195,53.431188402066326,27.0165106206357,49.96802885914202
logistics,2,堵塞,temperature,68.58541226046839,6.313546209657921,59.73697806021556,87.1301324089642,62.45888088744475,84.03191045513528
logistics,2,堵塞,pressure,5.024985837546079,0.16851301917454037,4.5355057120252225,5.730964811043389,4.761646279464713,5.348755327075797
logistics,2,堵塞,flow_rate,78.55377266934492,2.7107113457051226,70.33440835518331,85.28495725717575,73.43972251267694,82.19142026377128
logistics,2,堵塞,spindle_speed,1485.5339254774838,25.91483271859189,1391.172054466097,1552.8513443867275,1435.7735326624952,1520.985331044192
logistics,2,堵塞,feed_rate,297.16779872360195,6.707878536643345,272.8814121664214,315.2816139837755,282.63786362638194,305.9022797876215
logistics,2,堵塞,vibration,2.0532144024800085,1.2641234348030748,0.7658910533668475,6.060177669220034,1.0308035374881166,5.6147830774500465
logistics,2,堵塞,motor_current,40.306212020980475,7.707576705324451,30.97742393260806,63.20617680174922,33.36379229605263,59.40686625755101
logistics,2,堵塞,motor_voltage,379.9857434975712,1.9911996795655171,372.57072142909027,386.5718045059935,376.69655446966993,383.2026791929059
logistics,2,堵塞,bearing_temperature,59.699736851623456,7.767166768841061,51.54872093256604,85.43071147846997,53.640408426836814,82.61559577442746
logistics,2,堵塞,tool_wear,0.36732374548471414,0.15603239535374802,0.05910381482879414,0.8763208422317131,0.13196917767624144,0.628139843024686
logistics,2,堵塞,equipment_load,72.99687080404452,5.622690688436246,63.81357524485101,95.29496461584151,67.21711447937648,89.02297046699226
logistics,2,堵塞,cycle_time,15.72118675295599,0.5500070701613925,14.5028056381181,18.38837405788835,15.120444799975147,17.249544623374998
logistics,2,堵塞,buffer_level,75.00422007670196,3.0243734103020494,65.05803418795529,85.4773758229157,70.01874244156262,79.85614906518214
logistics,2,堵塞,material_inventory,69.9412639756609,3.9614412554558704,56.77214823619511,82.46600201559572,63.46948809755309,76.414304893906
logistics,2,堵塞,conveyor_speed,1.1998402056263449,0.03998656337002153,1.0553911926461175,1.3362726689455102,1.1327753347083505,1.2645050941072364
logistics,2,堵塞,agv_delay,7.007812692405045,0.40293080895720107,5.457299604633787,8.71837854604934,6.351483845307047,7.667353848540047
logistics,2,堵塞,queue_length,0.0,0.0,0.0,0.0,0.0,0.0
logistics,2,堵塞,station_output,45.587532786596626,2.5028186797656504,33.59720719481778,53.40603718422592,40.90622062141117,49.114057872279375
logistics,2,堵塞,defect_rate,0.0195501068095951,0.018365453259318532,0.0,0.0749502786570481,0.0056608697750314884,0.0657013155529089
logistics,2,堵塞,energy_consumption,135.62790583045756,9.071563359496691,118.74731393709243,169.26373308673038,125.94815798293882,158.25574067427817
logistics,2,堵塞,oee,0.6503896177892348,0.04707033288847643,0.44288375543173053,0.7375400309019937,0.5622360280714388,0.7017327960667046
logistics,2,堵塞,line_takt,15.10409527314901,0.47830504675991814,14.038826967650905,17.41729432598851,14.535784767061546,16.295511910653644
logistics,2,堵塞,downtime,1.2158313401018208,3.7513336890692615,0.0,16.1798090371154,0.0,14.657341652306993
logistics,2,堵塞,throughput,31.27794455843456,3.208299938813503,16.085173714926253,39.35533074605707,23.538259427563013,35.12829740229991
logistics,3,AGV延迟,temperature,67.85977759233357,5.656468421146932,59.860450703025634,87.38277531603299,62.57705646117271,83.25609062890626
logistics,3,AGV延迟,pressure,5.05024666786465,0.185295323100249,4.579474948425911,5.603375704914123,4.777104630187167,5.40760720359546
logistics,3,AGV延迟,flow_rate,78.7168118826962,2.494180131549992,69.10214647205444,84.83529295807868,73.76930288971997,82.1515382105604
logistics,3,AGV延迟,spindle_speed,1486.882133608767,25.57128712996011,1393.646944257635,1556.6050642259322,1436.6603199362971,1521.3235453627603
logistics,3,AGV延迟,feed_rate,297.66073817709236,6.336963718132714,274.9932916166638,314.0411570893293,283.8307984988948,305.9897816083369
logistics,3,AGV延迟,vibration,2.297499049893519,1.503364771428509,0.7961474424312524,5.971870656117598,1.039233146188494,5.729482149689981
logistics,3,AGV延迟,motor_current,41.61727093930183,8.871661551314487,30.921173466281772,62.959988079828115,33.407909737347,60.40951463625367
logistics,3,AGV延迟,motor_voltage,380.0237597438375,1.9987168470885046,373.3622792996444,387.3762401230696,376.7276381880241,383.2685290257954
logistics,3,AGV延迟,bearing_temperature,61.193182818015174,9.356936397130283,51.94629127632279,86.34852284053602,53.73576525280531,83.1270746756379
logistics,3,AGV延迟,tool_wear,0.42275510021289225,0.15591609845871449,0.0699190624994228,0.8438844616013641,0.1489278109509531,0.6682741769721713
logistics,3,AGV延迟,equipment_load,74.17259688046647,6.831264873190246,64.13423323903828,95.69241892218996,67.68527037574583,90.6212034086693
logistics,3,AGV延迟,cycle_time,14.89828834984677,2.438456677995642,11.05369786077317,18.303724198341087,11.682028901031721,17.788914823030307
logistics,3,AGV延迟,buffer_level,37.97049797076785,2.9441568277536785,28.750681981631537,47.25125990109647,33.15949108564697,42.96268824176948
logistics,3,AGV延迟,material_inventory,69.9650190228968,3.946664263091312,57.068426684035735,82.59896689110552,63.56696241579333,76.49704829927185
logistics,3,AGV延迟,conveyor_speed,1.0495262130776275,0.040226186075754206,0.9109490296568584,1.1847270636856424,0.9830375262911961,1.1133193194001971
logistics,3,AGV延迟,agv_delay,5.012055344417751,0.39716797842019325,3.7261098532607853,6.382711079138018,4.3758341914076455,5.672615567271388
logistics,3,AGV延迟,queue_length,0.010324028563783347,0.08453475214541542,0.0,1.8217939951902133,0.0,0.0
logistics,3,AGV延迟,station_output,50.41038027617295,8.211047786853932,34.76557495566802,66.88529138002137,39.78836341139204,62.022779222634185
logistics,3,AGV延迟,defect_rate,0.018254249034490126,0.01675929367798696,7.99837949865441e-05,0.07308637417171111,0.005912679554165014,0.06501545609646708
logistics,3,AGV延迟,energy_consumption,134.61659135368973,13.689994640791124,112.41378789114401,168.7598259786031,116.77776390102422,160.40286935905618
logistics,3,AGV延迟,oee,0.7082002949844373,0.1832137651430601,0.42721167676133337,0.9677283143712482,0.4675940001826514,0.9365841600173279
logistics,3,AGV延迟,line_takt,14.405286341839583,2.030390417269714,11.065716098161527,17.49370618917733,11.714960559741789,16.83707063241211
logistics,3,AGV延迟,downtime,6.448280783337641,7.320282396670658,0.0,16.45447283638855,0.0,15.58598623194194
logistics,3,AGV延迟,throughput,33.95228508810717,13.585449590867201,13.18957153776207,55.9643339143544,17.739949900826666,52.304955913495434
line,0,正常,temperature,64.95450870636417,1.686379358873653,59.20294224990502,70.36953574719485,62.232483856843444,67.64714131665218
line,0,正常,pressure,4.999486563463323,0.10059033852053531,4.650918419090697,5.369003978988981,4.834209707395625,5.167156483530209
line,0,正常,flow_rate,80.01234096085514,1.4871173894062442,74.65983355785608,85.9707964577952,77.59391609635604,82.44141895709323
line,0,正常,spindle_speed,1500.254953998285,15.196578169456517,1440.830955923597,1556.5803977492903,1475.390722449879,1525.402896000106
line,0,正常,feed_rate,300.0234016227588,4.00487125667845,282.10887685728994,313.81452753558494,293.4304975718867,306.6538865713268
line,0,正常,vibration,1.1997616046311033,0.12011326579502506,0.7085121049136865,1.6337328330664183,0.9979019025039366,1.3978821310025502
line,0,正常,motor_current,34.99772189723823,1.211785183978438,30.5820872509468,39.74981116647387,32.990798055302264,36.97557505537361
line,0,正常,motor_voltage,380.0158808719352,1.990084390957315,371.65370896814164,388.0210685903919,376.76264696587594,383.23346529861726
line,0,正常,bearing_temperature,54.99454218892311,0.9953067363922019,50.79207132990791,59.29327624980073,53.370489520982545,56.6354229774851
line,0,正常,tool_wear,0.35438534225099094,0.15147625106722376,0.05743202508369894,0.6612121760870165,0.12432866765080253,0.582901805193256
line,0,正常,equipment_load,70.00345409806178,1.9952894801021566,62.04034442151618,77.22695048751824,66.76295004824712,73.29219348905896
line,0,正常,cycle_time,12.006097177469156,0.3046987260889928,10.898969053765757,13.193305966318322,11.49796237210965,12.502949918329717
line,0,正常,buffer_level,49.010322615613845,4.416784425137709,29.863119631724395,61.94257865033511,38.83354331562304,54.85704819654081
line,0,正常,material_inventory,69.91560293898459,4.0530238645777885,55.451900210340725,86.05121031068789,63.23909389188068,76.54616967341553
line,0,正常,conveyor_speed,1.464100233844534,0.12845628409296045,0.9109490296568584,1.6394352718681457,1.0640478520961996,1.5640899879118246
line,0,正常,agv_delay,0.5509857857025957,1.3457886322702024,0.0,6.382711079138018,0.0,4.91218477489094
line,0,正常,queue_length,2.7497863583538797,1.2439055545066235,0.0,6.723078992342781,0.0,4.574967024349477
line,0,正常,station_output,50.786997369832385,3.36491041228048,41.77744800843192,66.88529138002137,46.774108291369345,59.32383465395386
line,0,正常,defect_rate,0.010067412839963548,0.002994025115224691,0.0,0.022619558782226698,0.005062859966651668,0.014972113720116014
line,0,正常,energy_consumption,119.94299519949291,2.988995653383199,107.92352764751409,131.3277958561325,115.00264813256297,124.77316958226984
line,0,正常,oee,0.9202996230009555,0.014874410609442012,0.8653492869203437,0.9824639871005312,0.8959500288713599,0.9444541318271289
line,0,正常,line_takt,12.00275424271005,0.3010274435410939,10.85487472412073,13.079521809033077,11.515417298361648,12.489867925168168
line,0,正常,downtime,0.19289144132319327,0.2894971828086477,0.0,2.0163705218688905,0.0,0.8288716206967075
line,0,正常,throughput,59.19358027732306,3.3496472729460245,44.18270892642042,66.77137666597639,50.80621380642667,63.133136956694145
line,1,低效,temperature,70.9614197746673,7.962411340178996,60.14375493677589,88.2963323267814,62.64896498110198,85.09631977720585
line,1,低效,pressure,5.134217825528505,0.1757485760608505,4.614791841061649,5.685522596083281,4.881361257857009,5.439730551892568
line,1,低效,flow_rate,78.38894517473365,2.229027551143072,70.84189764587447,85.35298313349035,74.62620084918005,81.91913494834901
line,1,低效,spindle_speed,1483.4886796702142,22.43890909588959,1407.0590396991104,1563.7999803338446,1445.1553075732577,1518.3622120920854
line,1,低效,feed_rate,298.1555700758775,4.405806602686222,282.7075839067445,314.86851319528137,290.8700789935212,305.46302995571784
line,1,低效,vibration,1.7211443298024927,0.6482632704802465,0.7879779711676259,2.899444425373641,1.035079074832647,2.6363445185744583
line,1,低效,motor_current,37.78731350493404,3.668986369259245,31.127678937007992,46.020280235851004,33.290706895600984,43.4105759655221
line,1,低效,motor_voltage,379.9966574053564,2.000306244686769,371.99974124184195,387.0217979972728,376.74965461695894,383.3142289818453
line,1,低效,bearing_temperature,57.00060632966187,2.6423686484392634,50.698590461830285,63.65572736958151,53.64707784450834,61.115445249439695
line,1,低效,tool_wear,0.3937348383436157,0.1438518543444731,0.06069857598815015,0.7354566449595905,0.1517667584214974,0.6127473378641561
line,1,低效,equipment_load,71.18228320133059,2.4929260288173523,62.350718361701674,79.20559473215377,67.2070098272928,75.39446310430598
line,1,低效,cycle_time,13.794963012212243,0.2975287728812539,12.649138310385668,14.775985275534211,13.306979416549629,14.293025884078231
line,1,低效,buffer_level,43.43873667581984,10.376064141783452,17.865920025302728,61.0163427694083,25.260251604340418,54.38768917489349
line,1,低效,material_inventory,64.83631537980041,9.06412623743757,39.22612625835175,84.0587928937462,48.171392303813285,75.90105380783196
line,1,低效,conveyor_speed,1.4454319429200033,0.10211977608842339,0.942437870239913,1.6697062821918542,1.2938348015574288,1.5589809035140005
line,1,低效,agv_delay,0.8085470015691039,1.1129999841223235,0.0,6.24137087807482,0.0,2.5654923037978232
line,1,低效,queue_length,2.175619606338401,1.5032546847020831,0.0,6.581366109013066,0.0,4.450836210666686
line,1,低效,station_output,45.08858308292913,2.8039638107548392,36.63237944084155,59.947579925901806,41.077099511551964,49.749780280711605
line,1,低效,defect_rate,0.016188942564305298,0.007011756396161557,0.0,0.03552385821727846,0.006230550151967146,0.027665696604404186
line,1,低效,energy_consumption,127.84765253682316,4.553151969667832,113.66291719224404,142.71744242066993,120.87894050685426,135.49609919998963
line,1,低效,oee,0.7756628680467544,0.028959769102192938,0.6886129024493964,0.8472645021868853,0.726877291545561,0.8183023274577045
line,1,低效,line_takt,13.498041791763821,0.30601046866551346,12.319598493655098,14.575045525946546,12.98993142943974,13.99582534386144
line,1,低效,downtime,0.19923958704453135,0.28973761132510856,0.0,1.891802468404385,0.0,0.8072692320397198
line,1,低效,throughput,48.91032932380195,2.821359639745804,34.26780037504596,56.54685805498429,44.24444236907823,52.901862976470404
line,2,瓶颈,temperature,68.75664024042187,5.633233147264347,59.73697806021556,87.1301324089642,62.610830627168724,82.99612387903454
line,2,瓶颈,pressure,4.98926603151188,0.1813201196982483,4.43653305841441,5.730964811043389,4.710000856831456,5.334997993531777
line,2,瓶颈,flow_rate,77.87789744293848,3.0373739360646423,68.69824953591586,85.81974221953583,72.6164759282255,82.0829875416588
line,2,瓶颈,spindle_speed,1478.7824213067838,29.953607467206556,1391.172054466097,1552.8513443867275,1427.0222992322674,1520.0644699927268
line,2,瓶颈,feed_rate,294.91697500779605,8.118952950387479,268.9730650090887,315.2816139837755,279.8745659523866,305.50234131349345
line,2,瓶颈,vibration,2.2492554064867134,0.9516581288066889,0.7658910533668475,3.617488626977963,1.0565495215714886,3.3415172724021636
line,2,瓶颈,motor_current,42.564993814735054,7.128917531217544,30.464823644002106,54.385534826116725,33.565249233845265,51.43060732396928
line,2,瓶颈,motor_voltage,379.95997895733393,2.002677834178994,372.57072142909027,387.19471374812116,376.64277821200983,383.20325457510165
line,2,瓶颈,bearing_temperature,60.985851475947285,5.743827497833664,51.2731432494361,71.18520769073369,53.80626271942282,68.23446582305743
line,2,瓶颈,tool_wear,0.3956609176161432,0.15662720913070702,0.05853614084876128,0.7540350510201809,0.14295646042391033,0.6643901079756693
line,2,瓶颈,equipment_load,73.49153777698139,3.841319626279667,63.58897968729612,84.29322494214584,67.56582322224294,79.4371101274125
line,2,瓶颈,cycle_time,15.597875328135856,0.30436513214149713,14.327329624206067,16.668402051292635,15.101544340915869,16.091566323553963
line,2,瓶颈,buffer_level,58.85928165814964,15.698822279854465,18.075239352628056,85.4773758229157,29.046144009803218,78.61814587430248
line,2,瓶颈,material_inventory,68.60496502709212,6.225432011730915,41.881238342001794,84.97757795688614,53.97009597778385,76.49817999853461
line,2,瓶颈,conveyor_speed,1.3441433265705713,0.15498638260850367,0.9472409619783314,1.6300603209091822,1.1334520995505168,1.548083476487603
line,2,瓶颈,agv_delay,3.4322102145100537,3.2895681865384034,0.0,8.71837854604934,0.0,7.49103126814947
line,2,瓶颈,queue_length,1.3950424850946432,1.61416920700873,0.0,6.626744064834569,0.0,4.201930403923001
line,2,瓶颈,station_output,41.984930905921146,4.417904224591791,31.156820953971753,53.64093925808084,35.50489493426256,48.59949282673204
line,2,瓶颈,defect_rate,0.02677777383283618,0.02383092947362703,0.0,0.0749502786570481,0.005894526699871806,0.06755552287104392
line,2,瓶颈,energy_consumption,137.53679055797946,7.652023179113978,118.73699650391416,155.63794598998717,126.41172492259516,148.55840012556078
line,2,瓶颈,oee,0.6479689569914554,0.04226787521080097,0.5358688202372223,0.7375400309019937,0.5761827224806891,0.7003731010109533
line,2,瓶颈,line_takt,15.00326145384222,0.29647608533170033,13.79244384652753,16.16202664093591,14.515023054035487,15.487937463967056
line,2,瓶颈,downtime,0.2001189116326005,0.292905551597026,0.0,2.1645935502744904,0.0,0.8204473366943015
line,2,瓶颈,throughput,35.976824642048385,4.425741735845402,24.592042707103037,46.711348592282505,29.250634688415218,42.45351364111074
line,3,停线,temperature,68.74791089667615,6.4973846967160505,59.91614067377053,87.59865580346103,62.37010315229922,84.411718951511
line,3,停线,pressure,5.070908801009685,0.18847590562645525,4.567055376135869,5.603375704914123,4.794007061716586,5.416032032056679
line,3,停线,flow_rate,78.56088954163235,2.482830755748606,69.10214647205444,84.37204672520231,73.82095975163521,82.07522503847217
line,3,停线,spindle_speed,1485.6448966978598,25.378125184728002,1393.646944257635,1556.6050642259322,1437.8524371425235,1520.9389683201125
line,3,停线,feed_rate,297.5831577003219,6.164759886993495,274.9932916166638,313.3103841215963,284.1688480614649,305.8541572544324
line,3,停线,vibration,4.990576262993685,1.5528399180775916,0.7961474424312524,6.0709295494843065,1.1806803446753904,5.883929009943205
line,3,停线,motor_current,56.03329843861796,8.686503695726433,30.921173466281772,64.45054196368118,34.749332619559326,61.79135544219139
line,3,停线,motor_voltage,380.0136039614224,1.9638408658531699,373.2047410241845,387.3762401230696,376.73006172416007,383.2542904205271
line,3,停线,bearing_temperature,78.43763363688466,9.986590715836844,52.51978901514301,86.34852284053602,54.87738351068167,84.61675453066647
line,3,停线,tool_wear,0.5677484915940793,0.1523098665170129,0.09231322428387638,0.9012067992008068,0.326155877793093,0.8255425081088459
line,3,停线,equipment_load,86.6974062207757,7.4092387301158755,64.60007942997414,96.27642464130028,69.70722090181106,93.0685640300826
line,3,停线,cycle_time,17.40594822431535,0.2986303187810214,16.39057778969715,18.404252060651494,16.90011175729849,17.88969817261818
line,3,停线,buffer_level,46.91696473143679,11.625500770618395,20.218041710321994,84.11063152693794,28.459912095460574,74.3079746190996
line,3,停线,material_inventory,68.19553946327947,6.655778593201472,40.284632738451975,82.82631788519197,52.05476018036978,76.29123385708793
line,3,停线,conveyor_speed,1.344870515054312,0.19846009774062476,0.9234892932742195,1.6165248247291153,1.0150520258878901,1.5537635635969294
line,3,停线,agv_delay,2.1607550045665707,2.535964426419018,0.0,8.033448399384776,0.0,6.929725323576686
line,3,停线,queue_length,1.7429328269236104,1.6443472254350522,0.0,6.726976741124366,0.0,4.36211409201994
line,3,停线,station_output,35.596123377748356,4.881405463858454,26.18899256912212,49.6179749063038,29.336833431669216,43.84955435671586
line,3,停线,defect_rate,0.01843309408081721,0.016017460503620483,0.0,0.0742857026972547,0.0057910405641289735,0.06465586742766294
line,3,停线,energy_consumption,156.06390945744772,9.084516205348935,126.6366677838595,171.60986992808023,134.38477375236522,164.63413201783933
line,3,停线,oee,0.5385929271881779,0.03361852688614514,0.4266185825058689,0.6098850687304966,0.4703303162768121,0.580296675407273
line,3,停线,line_takt,16.494907490489712,0.3009501450813906,15.346095857797591,17.707472949385267,16.007219563297415,16.99313865993084
line,3,停线,downtime,14.994299531166984,0.4921089417514514,13.352197351826161,16.71904551330796,14.17398987693447,15.80746810300765
line,3,停线,throughput,26.484586173496275,4.832055532458913,13.18957153776207,36.59900581960397,18.265904912510788,32.63743063617191
